Country Name,1990 [YR1990],1991 [YR1991],1992 [YR1992],1993 [YR1993],1994 [YR1994],1995 [YR1995],1996 [YR1996],1997 [YR1997],1998 [YR1998],1999 [YR1999],2000 [YR2000],2001 [YR2001],2002 [YR2002],2003 [YR2003],2004 [YR2004],2005 [YR2005],2006 [YR2006],2007 [YR2007],2008 [YR2008],2009 [YR2009],2010 [YR2010],2011 [YR2011],2012 [YR2012],2013 [YR2013],2014 [YR2014],2015 [YR2015],2016 [YR2016],2017 [YR2017],2018 [YR2018],2019 [YR2019]
Afghanistan,..,..,..,..,..,..,..,..,..,..,..,..,0.052005274,0.055504034,0.0449986,0.059028685,0.061713631,0.053090629,0.100814739,0.113118678,0.142400816,0.17446797,0.135418229,0.092097395,0.070664888,0.082832511,0.075608484,0.063979082,0.078417169,0.074261266
Albania,0.713616597,0.650918006,0.374937468,0.310205328,0.281796783,0.227088388,0.205463522,0.171808552,0.189380894,0.2751891,0.265766539,0.245451445,0.264379386,0.267781162,0.258680716,0.228157361,0.20409238,0.191364566,0.168236703,0.163554867,0.158654145,0.163544527,0.142808735,0.145079459,0.148174116,0.137558076,0.128958543,0.140066383,0.132072384,0.117457164
Algeria,0.353665052,0.365450694,0.353156415,0.380742458,0.383407478,0.375694251,0.352924701,0.335548165,0.316645344,0.314154895,0.305647416,0.285131394,0.27854361,0.272711091,0.258386091,0.2489969,0.251677443,0.243977856,0.245151918,0.249589479,0.24232133,0.244054196,0.271308637,0.279163242,0.291898358,0.327364646,0.328628557,0.325935691,0.328859478,0.330915418
American Samoa,..,..,..,..,..,..,..,..,..,..,..,..,..,..,..,..,..,..,..,..,..,..,..,..,..,..,..,..,..,..
Andorra,..,..,..,..,..,..,..,..,..,..,..,..,..,..,..,..,..,..,..,..,..,..,..,..,..,..,..,..,..,..
Angola,0.169661425,0.165225456,0.176961622,0.306399393,0.360854432,0.345963524,0.363199315,0.348351924,0.341459453,0.346031556,0.302047004,0.279269707,0.237830787,0.241900271,0.221068047,0.168826938,0.153780998,0.134586069,0.134954421,0.145846739,0.148157328,0.146857237,0.128247686,0.134890613,0.134458866,0.154689368,0.145259536,0.111245006,0.108781955,0.113238474
Antigua and Barbuda,0.289967104,0.287578777,0.366390145,0.293066565,0.268980179,0.297502098,0.28420326,0.274352033,0.285840373,0.280284689,0.258066409,0.280430154,0.304554827,0.29599041,0.265888147,0.248182073,0.229237668,0.213466013,0.218586736,0.714423771,0.270028326,0.297349101,0.395078769,0.273228683,0.27237313,0.27690658,0.26555297,0.264094861,0.246147556,0.235131026
Argentina,0.427885319,0.400421485,0.369593197,0.340855545,0.320044696,0.325477097,0.328803241,0.307688591,0.308199612,0.318928941,0.309108915,0.299480807,0.310357728,0.303896689,0.300614755,0.276503623,0.26340126,0.247291626,0.239507787,0.236829155,0.22695467,0.22155776,0.217104382,0.215685674,0.213835831,0.213970221,0.206907261,0.172534138,0.170702302,0.162613799
Armenia,2.024712605,2.311845076,2.04604734,1.013329599,0.511745153,0.600647998,0.409542244,0.504442024,0.482985088,0.413225218,0.436768308,0.394109778,0.297102598,0.286699751,0.271444054,0.274090564,0.236461904,0.234518225,0.235535965,0.2159502,0.200922094,0.21398695,0.211780494,0.192981424,0.187469203,0.183084614,0.161315002,0.150519124,0.148588237,0.146595819
Aruba,..,..,..,..,..,..,..,..,..,..,..,..,..,..,..,..,..,..,..,..,..,..,..,..,..,..,..,..,..,..
Australia,0.888790749,0.858826644,0.841217768,0.805741363,0.780112469,0.766105821,0.745829404,0.722646223,0.724463152,0.696513587,0.672625281,0.649109139,0.624674902,0.593850689,0.57808586,0.55552192,0.52725252,0.505640155,0.487867695,0.45211255,0.446860793,0.411618052,0.397272256,0.358159876,0.337663898,0.342979564,0.336822169,0.326924822,0.308877721,0.293853567
Austria,0.389727689,0.390391989,0.345356212,0.336406476,0.324317722,0.324797742,0.33199884,0.316971041,0.303913406,0.285759664,0.269903895,0.28424201,0.275294329,0.285212555,0.274637878,0.264642407,0.237980937,0.217770976,0.205722425,0.188687307,0.199125111,0.183014044,0.166251738,0.161798164,0.148779643,0.146736714,0.138349738,0.138189936,0.125229152,0.122061879
Azerbaijan,1.418773489,1.345341857,2.076475612,1.992481695,1.694778807,1.823098589,1.479952442,1.339706213,1.204359281,1.090348912,1.017353476,0.863136131,0.770117196,0.747817045,0.660516883,0.531073962,0.388769578,0.274425575,0.267917741,0.203973564,0.182910551,0.200878369,0.202980319,0.191147089,0.193832998,0.220401959,0.22990845,0.229675557,0.226326094,0.235350856
"Bahamas, The",0.356234653,0.374298645,0.479375188,0.379646882,0.356913385,0.355951241,0.315567686,0.262216117,0.34267462,0.296071888,0.267195182,0.253481946,0.262723372,0.258763768,0.236149827,0.207671727,0.195578457,0.189504,0.19754433,0.574482922,0.18846765,0.226735706,0.30307223,0.240245731,0.203895094,0.174445271,0.15929606,0.15828743,0.19588957,0.191564111
Bahrain,0.806683734,0.676041736,0.734459614,0.677089767,0.679849492,0.648853398,0.639605244,0.621536143,0.630045436,0.594137733,0.567088892,0.558493636,0.559051224,0.537321784,0.48885639,0.512279282,0.507367673,0.466525958,0.463809318,0.448714084,0.446455195,0.429687116,0.412445514,0.426040016,0.443494247,0.489097855,0.474688847,0.428158095,0.413413717,0.429146219
Bangladesh,0.109715198,0.096409645,0.097567898,0.096795679,0.098262699,0.111908953,0.106920147,0.113381759,0.108174496,0.106464752,0.106444105,0.117967375,0.119028917,0.116318684,0.114781407,0.111923055,0.111708317,0.107512181,0.108908028,0.110870953,0.11729176,0.116121309,0.109128278,0.105343611,0.102386504,0.10847078,0.102115879,0.101510964,0.097166256,0.0962143
Barbados,0.392401656,0.394969077,0.493045271,0.404948674,0.400326862,0.399290482,0.373590716,0.383716023,0.400494809,0.402910015,0.359799278,0.380741816,0.389006796,0.37608089,0.355917188,0.346610363,0.328023688,0.315019761,0.369380882,1.002949709,0.340546074,0.381437361,0.48808122,0.330288037,0.293830665,0.286377439,0.282789805,0.260915335,0.27056389,0.268304813
Belarus,1.87470814,1.769037563,1.74964727,1.606490318,1.51069232,1.46871458,1.427606263,1.270958924,1.121995764,1.026855983,0.914346376,0.836756865,0.783738908,0.729911545,0.678225586,0.609038214,0.559233252,0.488930256,0.457073514,0.429818244,0.423298663,0.373607902,0.350449098,0.334455543,0.331295542,0.32020193,0.327392222,0.322582205,0.321469267,0.30469687
Belgium,0.586801959,0.581100353,0.551583524,0.533293126,0.527824529,0.503491826,0.517066242,0.482682072,0.4802378,0.443981152,0.41166794,0.399558092,0.354266106,0.359838515,0.341238663,0.318157124,0.292181112,0.267510424,0.263550001,0.244538323,0.245856201,0.213483112,0.202822684,0.198196831,0.178984364,0.182633914,0.171098285,0.161592561,0.156016034,0.14520302
Belize,0.398845468,0.45104924,0.457694496,0.39559794,0.370114506,0.368211966,0.280106722,0.339674436,0.316175375,0.260727723,0.247620082,0.271525305,0.249554121,0.219532215,0.176285633,0.178652172,0.179809187,0.176174279,0.165591349,0.482630571,0.180650649,0.21196015,0.218114675,0.143279795,0.147332161,0.202804131,0.193154365,0.192485047,0.183036737,0.17480476
Benin,0.052683063,0.04000384,0.039395895,0.037660204,0.034896292,0.034533368,0.105105184,0.124919814,0.115948114,0.120200516,0.117662485,0.133862229,0.157811478,0.16744826,0.169593117,0.176918658,0.197564467,0.209222453,0.196681008,0.210003424,0.222063642,0.203407985,0.182652161,0.175220866,0.178063775,0.180472342,0.206315028,0.201921847,0.199629114,0.180553089
Bermuda,..,..,..,..,..,..,..,..,..,..,..,..,..,..,..,..,..,..,..,..,..,..,..,..,..,..,..,..,..,..
Bhutan,0.096748609,0.152696531,0.131748472,0.136707213,0.137344431,0.143583964,0.166961146,0.147972479,0.145426324,0.132802494,0.131927217,0.130419449,0.12073038,0.118953791,0.121886823,0.121548915,0.11019717,0.0906528,0.079568811,0.079001569,0.087166451,0.116642435,0.11529416,0.118070896,0.112329961,0.111345993,0.120717849,0.116763134,0.119784414,0.111275377
Bolivia,0.639284039,0.613392491,0.605208842,0.518680574,0.452844908,0.381883334,0.347198965,0.357761497,0.32021844,0.298106583,0.28402502,0.267843864,0.265329054,0.277131829,0.270773313,0.266260372,0.275405991,0.275864404,0.276736825,0.284104209,0.292135823,0.297855286,0.283468854,0.268323037,0.270137724,0.267721429,0.266026376,0.241289173,0.230879897,0.213402045
Bosnia and Herzegovina,..,..,..,..,0.890437877,0.769957865,0.497515589,0.737410832,0.799457624,0.703251823,0.809235757,0.764491872,0.745300135,0.723629428,0.69525438,0.665217965,0.641638396,0.6124125,0.612448824,0.610393431,0.601625357,0.649953997,0.591185193,0.559866003,0.489555174,0.476338415,0.504680328,0.492011296,0.455753006,0.394352159
Botswana,0.360044138,0.314866549,0.361579925,0.341316089,0.30561239,0.289661766,0.246034209,0.234743448,0.277025377,0.261279073,0.261544288,0.245012609,0.236851139,0.215938237,0.207364505,0.20731299,0.177346902,0.172404188,0.166486555,0.183901163,0.132720258,0.140113581,0.129873971,0.190476556,0.215670383,0.224653265,0.184484605,0.208219565,0.194650823,0.184078298
Brazil,0.198422461,0.197247225,0.196162684,0.189119397,0.180810531,0.184261921,0.192542328,0.196262678,0.199790877,0.20309479,0.198281991,0.194736549,0.185122836,0.17556643,0.170876562,0.162089494,0.153037478,0.147573998,0.146012224,0.136077871,0.142172452,0.140815211,0.151484007,0.155346687,0.160525604,0.160988213,0.152114888,0.151220421,0.137951827,0.133988726
British Virgin Islands,..,..,..,..,..,..,..,..,..,..,..,..,..,..,..,..,..,..,..,..,..,..,..,..,..,..,..,..,..,..
Brunei Darussalam,0.225603825,0.219355984,0.217446057,0.23182206,0.239091335,0.241464586,0.24201318,0.261459837,0.224705282,0.21073855,0.213476983,0.20276709,0.188539875,0.214674524,0.192186278,0.181619937,0.254326661,0.234757948,0.260228474,0.261884633,0.229785842,0.221824052,0.207328219,0.212776967,0.212331158,0.24663782,0.294925715,0.281564806,0.284277203,0.24926529
Bulgaria,1.118129792,0.944125961,0.936767909,0.938389506,0.866709031,0.843115623,0.965484495,1.108608846,0.989611132,0.92942114,0.827431414,0.828604964,0.714477068,0.732337973,0.665707201,0.6088423,0.564584361,0.543740358,0.465510076,0.406434312,0.404479773,0.428986091,0.377401183,0.327924585,0.330416069,0.337532631,0.290664791,0.288835522,0.252955193,0.222918004
Burkina Faso,0.096295194,0.087107511,0.086634965,0.083370671,0.082088253,0.080279987,0.078489661,0.079486557,0.080680094,0.086752159,0.087935398,0.083237675,0.077731711,0.076602646,0.072775476,0.064937913,0.069354455,0.073755167,0.08246811,0.080990058,0.097682824,0.096413488,0.109556471,0.10892521,0.106851631,0.119228284,0.104696235,0.108821965,0.109037632,0.108518489
Burundi,0.050872798,0.060651178,0.048032878,0.052823596,0.053778905,0.060215802,0.067488858,0.067416713,0.066673938,0.069437238,0.077418714,0.057067523,0.056489525,0.042729542,0.037212967,0.035759677,0.039489297,0.037167179,0.034776993,0.033286383,0.052146434,0.058925798,0.057937561,0.05516929,0.049676917,0.046783219,0.052641961,0.063279944,0.079186255,0.079731919
Cabo Verde,0.278523981,0.265682501,0.257567221,0.231448142,0.190135975,0.177881156,0.183029122,0.173489049,0.162637511,0.171231479,0.169642477,0.177036136,0.193226425,0.201378766,0.189448588,0.229082668,0.233858535,0.181893831,0.174617503,0.186721661,0.192533448,0.191493014,0.180275263,0.172037564,0.167835905,0.158956979,0.163770799,0.165233582,0.159616229,0.158131517
Cambodia,..,..,..,0.122610449,0.197489344,0.174813645,0.168726704,0.170942472,0.18511119,0.164545512,0.150110841,0.14890132,0.141404934,0.137628436,0.121469882,0.116231862,0.113268964,0.123733709,0.126226989,0.146611723,0.147943343,0.141156255,0.133722497,0.125425944,0.142844108,0.160272043,0.191054025,0.201777798,0.210684242,0.214560657
Cameroon,0.125960289,0.304430565,0.301881286,0.269798105,0.207612418,0.200195628,0.191869209,0.18423814,0.180409913,0.161779917,0.165716023,0.153856308,0.144160329,0.13615036,0.121720704,0.113192504,0.107249769,0.120547652,0.119882012,0.127753921,0.122331267,0.112616597,0.108230046,0.109263795,0.109803018,0.106936136,0.107591995,0.101846407,0.100067743,0.093422585
Canada,..,..,..,..,..,..,..,0.631223464,0.610817287,0.583970274,0.570723329,0.540229413,0.540008167,0.531942244,0.495030806,0.468725138,0.435351662,0.439177109,0.410065314,0.398867364,0.393824402,0.383902286,0.372052844,0.357538791,0.346417621,0.350314694,0.331823223,0.321719371,0.313056897,0.309954908
Cayman Islands,..,..,..,..,..,..,..,..,..,..,..,..,..,..,..,..,..,..,..,..,..,..,..,..,..,..,..,..,..,..
Central African Republic,0.084196617,0.076435271,0.085567103,0.088860297,0.082938482,0.075778945,0.082361986,0.076890632,0.098252645,0.097586672,0.097860961,0.095431701,0.090687443,0.086485751,0.079461206,0.073032125,0.07069354,0.068662407,0.04676011,0.042787991,0.040408625,0.042462204,0.040907768,0.036533064,0.040427284,0.053730242,0.054377406,0.052440087,0.051589586,0.051296428
Chad,0.093749358,0.0856938,0.079516566,0.092152385,0.085917569,0.085058224,0.083576443,0.081219537,0.075095252,0.077733632,0.045385679,0.046605109,0.049762667,0.047854519,0.034875185,0.030740948,0.031480526,0.029099144,0.029922236,0.041736031,0.057007239,0.049500585,0.084057294,0.105574554,0.098625235,0.093058348,0.091178905,0.090214519,0.087667557,0.085703677
Channel Islands,..,..,..,..,..,..,..,..,..,..,..,..,..,..,..,..,..,..,..,..,..,..,..,..,..,..,..,..,..,..
Chile,0.515514014,0.443430832,0.397555021,0.383098265,0.387398461,0.372831257,0.385965188,0.403588304,0.388457682,0.401983128,0.346873157,0.315878756,0.305672686,0.292530174,0.292434591,0.272779198,0.223180882,0.23195414,0.246559728,0.241221088,0.226567209,0.21901903,0.209475091,0.211373209,0.190021296,0.202786852,0.203586502,0.193106173,0.181156881,0.187397195
China,1.950789784,1.829371383,1.644772207,1.54338509,1.398618733,1.377825349,1.223695926,1.124043383,1.064266166,0.949905717,0.908533453,0.864888494,0.842471895,0.870188364,0.893153479,0.883572474,0.84040085,0.778182375,0.716890978,0.698108135,0.684556301,0.670492989,0.630886708,0.616900293,0.584458145,0.554095607,0.527715339,0.507667952,0.483192443,0.456755455
Colombia,0.294024054,0.288609474,0.282338765,0.278503243,0.261846639,0.254648533,0.242305613,0.252051801,0.248799567,0.220180599,0.220285581,0.214055977,0.198051887,0.184722882,0.170785756,0.162272656,0.147635534,0.138154283,0.132575711,0.135105676,0.130952405,0.130408066,0.125864972,0.129878538,0.126716102,0.1272685,0.124256388,0.108192397,0.105192892,0.101733644
Comoros,0.107281783,0.109690973,0.098816863,0.09371177,0.096863756,0.10464974,0.104112904,0.098382998,0.108063062,0.116166007,0.102476038,0.107726821,0.10366351,0.126715957,0.129727508,0.122312494,0.131003973,0.081881611,0.077276998,0.094658525,0.109443028,0.090837949,0.088009221,0.097188006,0.082399008,0.090196633,0.096555933,0.113455506,0.114550712,0.117963168
"Congo, Dem. Rep.",0.104190816,0.060216012,0.055951968,0.081088944,0.09609494,0.089237763,0.095253003,0.099211004,0.100165815,0.094581468,0.0774853,0.074554452,0.074941872,0.084374292,0.074671832,0.077710295,0.073842824,0.073302976,0.069901069,0.066203847,0.064740954,0.067629226,0.061236792,0.073650029,0.081997699,0.046787416,0.031872862,0.033036856,0.033379723,0.03232194
"Congo, Rep.",0.391167501,0.368365742,0.344388676,0.291983527,0.231650513,0.279631031,0.31616672,0.322627521,0.36491235,0.376995533,0.376431202,0.345683076,0.211859785,0.241177365,0.247360241,0.272530094,0.271518092,0.245785375,0.238333183,0.23548289,0.237030289,0.225517296,0.184072863,0.189980458,0.184726609,0.251209094,0.287554134,0.24997596,0.307666203,0.338415008
Costa Rica,0.183134847,0.184687196,0.224259235,0.206028024,0.223933978,0.208850258,0.190582293,0.176056102,0.18164939,0.172223047,0.159556449,0.165093242,0.160088914,0.158127208,0.151028087,0.148659744,0.140580145,0.146542845,0.135835492,0.130365656,0.120735487,0.118388511,0.110963288,0.109331495,0.101623486,0.091004716,0.086458856,0.082012053,0.078530092,0.071684529
Cote d'Ivoire,0.082550304,0.082173533,0.079962221,0.083629481,0.084789283,0.084548513,0.092622665,0.101903553,0.097037292,0.129462223,0.120612842,0.12055207,0.128615441,0.102770569,0.099917215,0.103113694,0.094309838,0.090190366,0.096540145,0.086292406,0.084037703,0.083848278,0.104853391,0.101733159,0.094042218,0.090775591,0.085161505,0.089452606,0.078869965,0.077519708
Croatia,..,..,..,..,..,0.415458859,0.380336985,0.394799929,0.413510622,0.412885815,0.378401535,0.383289596,0.368998792,0.36661257,0.333577014,0.322005488,0.284611284,0.27183901,0.240346415,0.233226854,0.225973669,0.210752238,0.190070209,0.180576076,0.171354185,0.169206936,0.160083507,0.155147253,0.139028591,0.128647598
Cuba,..,..,..,..,..,..,..,..,..,..,..,..,..,..,..,..,..,..,..,..,..,..,..,..,..,..,..,..,..,..
Curacao,..,..,..,..,..,..,..,..,..,..,..,..,..,..,..,..,..,..,..,..,..,..,..,..,..,..,..,..,..,..
Cyprus,0.59294084,0.633834471,0.607480166,0.617248183,0.59453409,0.525702439,0.542164279,0.528221541,0.518900364,0.50881568,0.482515401,0.435754027,0.428921794,0.448939518,0.411913346,0.385286931,0.354967088,0.329407307,0.309869759,0.302392051,0.284215498,0.268428699,0.257428004,0.244975663,0.264763996,0.253146533,0.236313306,0.22290524,0.203439123,0.185117634
Czechia,1.142231743,1.139370391,1.097082166,1.045786274,0.947345037,0.874533302,0.836393237,0.816911548,0.771239782,0.707051821,0.739676758,0.681566905,0.636847356,0.616378171,0.578315137,0.531821577,0.492411941,0.456654952,0.407257803,0.383404276,0.384361265,0.358638868,0.344954093,0.312162486,0.285033763,0.277311677,0.266713631,0.247564072,0.230751293,0.204118077
Denmark,0.555360056,0.638741734,0.556244649,0.565504193,0.559654977,0.505112931,0.586929534,0.483115603,0.436063331,0.399939954,0.343691224,0.343848478,0.326856937,0.356492063,0.30182194,0.271242174,0.286400259,0.250688115,0.221063445,0.215158336,0.201706969,0.174245426,0.152559865,0.152305093,0.132504411,0.120897579,0.118635324,0.103813445,0.099478929,0.084999816
Djibouti,..,..,..,..,..,..,..,..,..,..,..,..,..,..,..,..,..,..,..,..,..,..,..,0.154482979,0.103772519,0.11028748,0.096279523,0.090697295,0.080518645,0.078695138
Dominica,0.198412894,0.189370265,0.241957456,0.23135451,0.226439324,0.269080341,0.2050292,0.2465532,0.258435992,0.253945471,0.286757936,0.323791064,0.262480641,0.282361855,0.304959771,0.293760863,0.289298703,0.28043959,0.256870282,0.717374611,0.253483028,0.248879947,0.354224355,0.235929891,0.23209082,0.226993297,0.211246434,0.209759591,0.197846562,0.184232477
Dominican Republic,0.300693714,0.301700898,0.310012507,0.27912979,0.311694526,0.307020947,0.305879121,0.31455387,0.334098005,0.332874973,0.326386452,0.316705682,0.328305208,0.292739496,0.256425896,0.245747153,0.237986137,0.218479109,0.207198103,0.194831595,0.186917853,0.179524574,0.183444761,0.169744795,0.156596849,0.155647528,0.146800588,0.133851879,0.131328659,0.132132714
Ecuador,0.312396647,0.29575666,0.303149605,0.292123527,0.304276109,0.324328404,0.359168441,0.351829206,0.330426524,0.302068073,0.298135277,0.308277662,0.290638586,0.283083636,0.270467661,0.26847301,0.266335865,0.258065226,0.24623272,0.264858895,0.272952485,0.246894001,0.232452187,0.226603081,0.223712907,0.231554805,0.218775443,0.197681363,0.198473181,0.190833364
"Egypt, Arab Rep.",0.421418603,0.410538731,0.390783923,0.378157088,0.337808937,0.337127395,0.332897945,0.332540522,0.325922026,0.318230465,0.287700574,0.300421306,0.295153411,0.288241395,0.292944322,0.305220183,0.291690408,0.284865278,0.270139685,0.266857149,0.254142098,0.251320842,0.224271444,0.215579847,0.222397682,0.212622051,0.218742666,0.228031478,0.216431753,0.202619685
El Salvador,0.154374203,0.189780452,0.189190315,0.204364366,0.217452206,0.226157007,0.194985855,0.225219697,0.231232239,0.22083157,0.214292181,0.216599159,0.212476435,0.224839092,0.222698457,0.215275089,0.211832554,0.213402932,0.1856725,0.18214906,0.172576134,0.168840107,0.165916748,0.149909306,0.144727463,0.145662473,0.140327854,0.118136045,0.120254896,0.132096646
Equatorial Guinea,0.219123208,0.249835192,2.33076399,2.18725779,1.9694035,1.753438404,1.118258141,0.609762542,0.581635735,0.748339979,0.425453349,0.390034903,0.437780418,0.407653324,0.356012572,0.396766841,0.402455791,0.309808554,0.295516522,0.287668377,0.319819289,0.295303755,0.253468398,0.245306407,0.209168759,0.233847009,0.267888177,0.203798461,0.235340624,0.203528276
Eritrea,..,..,0.239706518,0.295509087,0.276565129,0.288610623,0.282101326,0.245178452,0.175082371,0.183945812,0.182848589,0.179838574,0.16700028,0.17070973,0.161493155,0.134693839,0.11434881,0.10766252,0.103316107,0.103219398,0.106174216,0.109104872,..,..,..,..,..,..,..,..
Estonia,..,..,..,..,..,1.74658014,1.763005024,1.501656947,1.386333037,1.307415846,1.133463043,1.074049173,0.929279427,0.941015355,0.859310396,0.764536259,0.613420102,0.671372056,0.603500612,0.550687376,0.660057528,0.557392178,0.49120444,0.533728878,0.471483456,0.404917193,0.388097311,0.375029661,0.319694037,0.19691333
Eswatini,0.19373649,0.184157239,0.180656129,0.174107771,0.172114197,0.166091452,0.114686269,0.140252254,0.142044442,0.149222368,0.145501315,0.124484423,0.119355586,0.114490914,0.107598576,0.103109703,0.092938835,0.087983062,0.081731825,0.088844317,0.078539031,0.076407091,0.076216946,0.079241753,0.077846654,0.07913753,0.086613499,0.094105942,0.091801068,0.092638696
Ethiopia,0.116356894,0.122250788,0.085379101,0.09408243,0.103992346,0.109140395,0.10646013,0.108193154,0.116978052,0.107992115,0.111449939,0.124386418,0.125311533,0.137968641,0.125610455,0.103196684,0.096581585,0.093123994,0.08980792,0.082521919,0.071783497,0.073712432,0.075355608,0.082329812,0.0831057,0.077130621,0.07690668,0.073549188,0.07328556,0.070756907
Faroe Islands,..,..,..,..,..,..,..,..,..,..,..,..,..,..,..,..,..,..,..,..,..,..,..,..,..,..,..,..,..,..
Fiji,0.225691208,0.221114748,0.215744539,0.200621624,0.186895408,0.181143403,0.184083025,0.180227124,0.171242468,0.159456965,0.171310655,0.210890331,0.170258927,0.197245627,0.255389226,0.215792284,0.219864819,0.197140666,0.14738879,0.148508495,0.170452456,0.155576911,0.134697642,0.136892321,0.131210537,0.127993885,0.137929081,0.140024237,0.130138113,0.128599599
Finland,0.602943814,0.62617235,0.600350537,0.60368296,0.637335992,0.560608022,0.607806045,0.541142109,0.471322108,0.441709563,0.397368397,0.423568682,0.426447989,0.473481916,0.414886272,0.329830856,0.369412181,0.325274492,0.266033523,0.267238953,0.299280739,0.250010137,0.223285951,0.2223945,0.20240416,0.183881397,0.185073889,0.164181884,0.163020192,0.142305593
France,0.34653487,0.35445232,0.330292239,0.307798991,0.290190584,0.284702851,0.288259518,0.269194247,0.27106307,0.254943153,0.234745987,0.223315757,0.210456883,0.214810952,0.207321484,0.197552476,0.179893102,0.166088316,0.158454745,0.153175032,0.148964932,0.136988916,0.13679041,0.129789949,0.11498729,0.114511812,0.109604872,0.106546778,0.098244053,0.08830656
French Polynesia,..,..,..,..,..,..,..,..,..,..,..,..,..,..,..,..,..,..,..,..,..,..,..,..,..,..,..,..,..,..
Gabon,0.34874222,0.353569688,0.35436788,0.341841557,0.320630856,0.33737072,0.356534184,0.317206417,0.348385346,0.355988531,0.357724361,0.350979331,0.331441001,0.343483686,0.314158398,0.295205637,0.264494185,0.220609376,0.238818744,0.233841034,0.239002935,0.219392422,0.208422872,0.210822344,0.205830638,0.213760744,0.223810488,0.172011435,0.160037904,0.155135095
"Gambia, The",0.127836327,0.126240421,0.119393676,0.118879846,0.11621496,0.118206085,0.113555722,0.111253434,0.110916373,0.111362416,0.09527846,0.113758448,0.11204071,0.102809274,0.099763072,0.102155018,0.108710106,0.116990496,0.113300417,0.120270606,0.100762223,0.109889201,0.109768946,0.105617249,0.126742813,0.122936194,0.119207835,0.117682116,0.109166637,0.106473343
Georgia,1.21828192,1.137685396,1.58825928,1.759286327,1.2473736,0.933016765,0.640631948,0.494570463,0.428794793,0.372326795,0.377279816,0.259793403,0.203946387,0.192252045,0.188732278,0.210089015,0.206462709,0.21390151,0.176165759,0.21095425,0.18571568,0.207610496,0.196233023,0.198727272,0.196728541,0.204283317,0.201335016,0.192055321,0.175967714,0.173962758
Germany,0.617887993,0.555081305,0.509788543,0.499652356,0.471767098,0.454407155,0.458489715,0.432893403,0.41606841,0.386186832,0.371260649,0.362796849,0.346245939,0.338980212,0.317559128,0.306013556,0.289455157,0.26252933,0.254413906,0.243680701,0.242692854,0.21858725,0.217975131,0.213900304,0.193324974,0.190870252,0.179380454,0.166912585,0.154542219,0.13783625
Ghana,0.11466699,0.096666687,0.109464169,0.105625644,0.108587059,0.109536985,0.113367458,0.112449039,0.150663482,0.153506255,0.126271102,0.128461942,0.144823482,0.129731338,0.111932118,0.108005385,0.119031833,0.119033181,0.101605576,0.111304673,0.113946475,0.102776405,0.11152176,0.110943383,0.099543297,0.108839778,0.113007713,0.114174336,0.115308912,0.114104504
Gibraltar,..,..,..,..,..,..,..,..,..,..,..,..,..,..,..,..,..,..,..,..,..,..,..,..,..,..,..,..,..,..
Greece,0.557080349,0.52403739,0.524637209,0.520222493,0.509846471,0.508121827,0.48297249,0.457936719,0.450655885,0.439832809,0.447853361,0.424380732,0.391791948,0.38375646,0.357946369,0.362774856,0.320113307,0.321964076,0.293752833,0.280946034,0.282127815,0.296583849,0.291084362,0.254361226,0.23981836,0.234864881,0.225489314,0.217139678,0.204541521,0.179718679
Greenland,..,..,..,..,..,..,..,..,..,..,..,..,..,..,..,..,..,..,..,..,..,..,..,..,..,..,..,..,..,..
Grenada,0.241727509,0.251590748,0.351470243,0.308992691,0.317327055,0.323349639,0.339811182,0.334838516,0.325916332,0.300647485,0.267546475,0.292490504,0.290537022,0.271126083,0.244498171,0.227478109,0.239046635,0.236197254,0.23777623,0.706635755,0.251273364,0.261137728,0.341787918,0.248856948,0.176021147,0.174071143,0.169002832,0.161281961,0.166549926,0.16760458
Guam,..,..,..,..,..,..,..,..,..,..,..,..,..,..,..,..,..,..,..,..,..,..,..,..,..,..,..,..,..,..
Guatemala,0.130799006,0.125161035,0.139895906,0.139115554,0.139124625,0.151840949,0.141177925,0.140715223,0.167737807,0.157550059,0.170816312,0.170003432,0.172051025,0.165608956,0.159488295,0.160598167,0.14774934,0.145739194,0.125385463,0.130724889,0.121207402,0.116983074,0.114084563,0.116044149,0.117469777,0.128090265,0.134402761,0.123764795,0.129240115,0.128680131
Guinea,0.178501931,0.171630706,0.167270695,0.159995706,0.156249178,0.151524063,0.151040108,0.148051164,0.148920857,0.148739934,0.1478467,0.146975479,0.142871897,0.144321608,0.142989871,0.139170711,0.138521288,0.13158449,0.125862544,0.133402721,0.148307807,0.144171898,0.129672068,0.110488724,0.111318686,0.12212052,0.115573814,0.114474174,0.118023044,0.115637724
Guinea-Bissau,0.172321551,0.158596263,0.16239748,0.155374377,0.147408765,0.138296201,0.121693164,0.124809831,0.14590759,0.159174648,0.116554867,0.111545178,0.110926215,0.137008259,0.136674858,0.133452047,0.132560871,0.1306757,0.118834995,0.119422061,0.117707061,0.106685903,0.114929185,0.111167556,0.115751925,0.100912741,0.099567317,0.088077799,0.087672151,0.0849982
Guyana,0.516401466,0.458901675,0.394460383,0.359504775,0.419528418,0.424523559,0.398788602,0.401923485,0.411288281,0.391661483,0.370428199,0.349925229,0.336541575,0.332127939,0.328295798,0.287711808,0.238574838,0.26233634,0.251388406,0.245600991,0.251626224,0.24364816,0.252643325,0.236566806,0.246403184,0.242030839,0.284602424,0.265397172,0.260240363,0.267039033
Haiti,0.06757806,0.062902856,0.058455093,0.046289703,0.014173798,0.059837573,0.066456376,0.076211211,0.07607674,0.076942875,0.079453866,0.084865841,0.094580909,0.088650972,0.080719474,0.077296499,0.07454645,0.082622336,0.078198083,0.071931962,0.093128111,0.095275927,0.085459344,0.086302511,0.09653849,0.10579841,0.100505958,0.096157478,0.091263667,0.092027768
Honduras,0.241195316,0.241315487,0.247849471,0.241499956,0.264427557,0.29042967,0.282140308,0.274683706,0.303751025,0.306263128,0.293229623,0.324482233,0.323338602,0.33516282,0.345144902,0.290930843,0.30282634,0.297533108,0.281721888,0.269536217,0.260255297,0.264450624,0.265179747,0.257095613,0.237238385,0.225912157,0.198453247,0.176568841,0.180231303,0.175405618
"Hong Kong SAR, China",..,..,..,..,..,..,..,..,..,..,..,..,..,..,..,..,..,..,..,..,..,..,..,..,..,..,..,..,..,..
Hungary,..,0.747397617,0.677349861,0.669860327,0.630531742,0.604831575,0.606102883,0.563674769,0.537197734,0.520234428,0.451304689,0.418196484,0.376775738,0.371049074,0.342627316,0.323963757,0.299493028,0.280344332,0.254769462,0.230245137,0.220122031,0.204190271,0.188091122,0.167776941,0.160234568,0.164406575,0.161332216,0.160827842,0.148733063,0.137419944
Iceland,..,..,..,..,..,0.312134927,0.340700638,0.295079064,0.273144415,0.258577563,0.266263031,0.237752515,0.23892587,0.235541996,0.22302071,0.206773389,0.193224847,0.184210162,0.157061479,0.158237102,0.154940794,0.144722964,0.138069275,0.141185449,0.136133351,0.126563221,0.0908614,0.087405914,0.084243383,0.075710376
India,0.537646561,0.554478759,0.530079602,0.514101226,0.496959997,0.486757592,0.466262669,0.466241421,0.443209145,0.43276988,0.424046068,0.402232815,0.394314533,0.368078364,0.356400316,0.335175994,0.321736567,0.320079052,0.324625733,0.328545367,0.317401434,0.312677277,0.310318822,0.304504007,0.316635179,0.301407934,0.283807307,0.280346544,0.271783961,0.257845776
Indonesia,0.26559842,0.263075557,0.255069416,0.252489192,0.247376964,0.251432008,0.2423575,0.251047975,0.287450534,0.299194763,0.280014414,0.284374581,0.271129795,0.277206106,0.262686527,0.241624188,0.236663537,0.22589631,0.206970377,0.204360971,0.201982634,0.213190177,0.199512299,0.176699287,0.184539883,0.184518178,0.1757844,0.178748296,0.185134762,0.1860504
"Iran, Islamic Rep.",0.468541381,0.443879812,0.448033896,0.45004943,0.50498231,0.49176126,0.467946502,0.47430708,0.457255321,0.491222048,0.477796576,0.474609264,0.451688608,0.429658821,0.42973108,0.435814652,0.432462049,0.413420238,0.411637398,0.419831798,0.391301979,0.380964912,0.431506091,0.466732152,0.48204661,0.529760392,0.497133449,0.488865399,0.497053622,0.495814497
Iraq,..,0.951709012,1.037492121,1.03452531,1.112079901,1.045214989,0.913536742,0.890783441,0.504158606,0.334960776,0.337620088,0.361196446,0.362038033,0.499752618,0.343968186,0.316931388,0.283595385,0.25040833,0.261047163,0.2681566,0.28696382,0.272208923,0.266771766,0.270041301,0.280467815,0.383416962,0.412037226,0.392315016,0.392755453,0.391265026
Ireland,0.641052734,0.61836537,0.585772431,0.559681126,0.537309678,0.48924133,0.467370448,0.432481841,0.412385779,0.393659404,0.369975715,0.355903825,0.317204386,0.304042828,0.283465839,0.277124242,0.250048091,0.225292838,0.23086338,0.215633526,0.203999644,0.177652025,0.174122175,0.161466781,0.149284178,0.114181732,0.114176537,0.101078043,0.091505715,0.08079707
Isle of Man,..,..,..,..,..,..,..,..,..,..,..,..,..,..,..,..,..,..,..,..,..,..,..,..,..,..,..,..,..,..
Israel,..,..,..,..,..,0.429059266,0.413004863,0.407793278,0.391037863,0.382810498,0.362363273,0.359841925,0.368481953,0.394426348,0.367554803,0.354216754,0.356455187,0.33819879,0.331782624,0.320769224,0.320709428,0.293465184,0.301920519,0.24219436,0.229225364,0.222512497,0.20092272,0.192474918,0.172309651,0.170956853
Italy,0.383343921,0.364113941,0.351482851,0.341700724,0.323683038,0.327093682,0.314337699,0.305904514,0.299431175,0.297153354,0.282986195,0.273292272,0.270461219,0.276197254,0.277086636,0.27127807,0.247335616,0.230217265,0.212937835,0.19416306,0.19446065,0.182539796,0.173426999,0.158390575,0.148846366,0.150768351,0.137705597,0.130777081,0.124938202,0.115969641
Jamaica,0.64841498,0.593453918,0.625935336,0.57047397,0.554898208,0.550033075,0.563185998,0.569937705,0.609682968,0.610892118,0.596902119,0.577148791,0.566560215,0.553723245,0.531197609,0.510001037,0.54909164,0.525346779,0.415916129,0.353896173,0.336851053,0.326550019,0.299109733,0.306595429,0.292653051,0.27893567,0.283303677,0.257485191,0.294329384,0.27927679
Japan,0.451044651,0.426979427,0.418153471,0.407692505,0.406294341,0.39116532,0.376804377,0.363089553,0.350543361,0.357572906,0.341676375,0.329420837,0.330762626,0.323648397,0.307149928,0.295058389,0.276611836,0.273326132,0.256398357,0.25630239,0.255553023,0.262133299,0.261189811,0.251470103,0.241758063,0.226819071,0.226364138,0.219531358,0.208984289,0.201870632
Jordan,0.635116446,0.595482313,0.62108214,0.593788892,0.589703473,0.569406987,0.558611593,0.55071769,0.537861254,0.513349512,0.535511536,0.496883232,0.48015391,0.463838451,0.446593299,0.42819539,0.390080823,0.367123812,0.318753595,0.311369599,0.294015667,0.288129594,0.324454341,0.299685371,0.312026309,0.288580476,0.275016921,0.265846707,0.24140825,0.231272892
Kazakhstan,1.756602621,1.982536511,2.10890666,1.959553387,1.994221538,1.872093277,1.601199159,1.334335138,1.381655988,1.197820835,1.045000256,0.880109981,0.880789862,0.881177384,0.846678867,0.801288768,0.768940768,0.736085443,0.852956186,0.739135132,0.731939745,0.713414867,0.66114139,0.622849789,0.489451724,0.468145348,0.476956172,0.478468462,0.453125455,0.417162456
Kenya,0.155113084,0.141889176,0.141270329,0.135433546,0.129420844,0.13175486,0.135935855,0.126702873,0.130801103,0.13188767,0.14240318,0.12274163,0.117199624,0.098264203,0.103736142,0.106205651,0.108161304,0.099304727,0.102812461,0.116848935,0.115336805,0.110801179,0.096795155,0.099997093,0.096618616,0.097596695,0.099109849,0.089906221,0.076589449,0.091187117
Kiribati,0.220416486,0.213206355,0.206643175,0.300177427,0.288920008,0.282986071,0.27326622,0.264229981,0.245209758,0.245580361,0.226014003,0.224333225,0.283772967,0.272807416,0.337595152,0.436641987,0.423781216,0.346628949,0.347370989,0.342409745,0.28514737,0.274505053,0.307560588,0.290191491,0.288022385,0.259562823,0.301259026,0.381051258,0.353515376,0.349187352
"Korea, Dem. People's Rep.",..,..,..,..,..,..,..,..,..,..,..,..,..,..,..,..,..,..,..,..,..,..,..,..,..,..,..,..,..,..
"Korea, Rep.",0.69148214,0.669874247,0.666679117,0.672002466,0.651180776,0.632990349,0.612891323,0.597451522,0.528865931,0.512934057,0.524007763,0.504661377,0.454167939,0.440077496,0.425078853,0.396335534,0.374627185,0.3559682,0.350525088,0.361953292,0.365757694,0.368232953,0.356365439,0.347211199,0.328065351,0.314353274,0.30384301,0.297877322,0.284015495,0.271809356
Kosovo,..,..,..,..,..,..,..,..,..,..,..,..,..,..,..,..,..,..,..,..,..,..,..,..,..,..,..,..,..,..
Kuwait,..,..,0.389933657,0.379119052,0.408349576,0.377062962,0.361760962,0.363311052,0.391453878,0.426724631,0.4342862,0.452300039,0.451834567,0.394844677,0.371549439,0.36778579,0.343801712,0.307851847,0.316626078,0.346647016,0.364717702,0.336290432,0.308106865,0.317368441,0.33080747,0.491395988,0.517774744,0.439849071,0.422429293,0.423062876
Kyrgyz Republic,2.037756838,1.921053493,1.473194626,1.247074378,0.989871147,0.719947584,0.828156406,0.7304081,0.750776755,0.566419677,0.51211938,0.404251318,0.498397829,0.513614325,0.464839473,0.430385349,0.406466196,0.443439735,0.465890576,0.40500316,0.377702666,0.419057563,0.49586724,0.405643885,0.388608538,0.409044108,0.340838787,0.301466709,0.338536588,0.284043754
Lao PDR,0.116882368,0.11690352,0.118122128,0.110761353,0.105196007,0.100779201,0.107750199,0.105465883,0.10272921,0.097736025,0.092385644,0.094929227,0.097956599,0.093829737,0.090397128,0.08521383,0.0990555,0.094558431,0.101961994,0.116769063,0.120548266,0.115380375,0.104800591,0.120230956,0.11128119,0.21355025,0.33511228,0.377498366,0.352656207,0.317498632
Latvia,..,..,..,..,..,0.656340186,0.631211192,0.540442548,0.477244181,0.426469431,0.364038167,0.348123331,0.315595607,0.299903472,0.274216287,0.247509518,0.23311007,0.212554596,0.190299362,0.201858765,0.229396367,0.199261568,0.174780025,0.163504647,0.153316376,0.148225073,0.136548857,0.127847911,0.130912417,0.120248188
Lebanon,0.522800629,0.423877353,0.354913523,0.460581442,0.455100048,0.494175286,0.462960485,0.514470719,0.494710157,0.5139383,0.456028642,0.462928183,0.439432213,0.431585752,0.404623009,0.369238511,0.331288193,0.273458728,0.305049511,0.322888491,0.281456197,0.277549825,0.286116583,0.262590686,0.267484038,0.274455233,0.267871291,0.269500081,0.253796859,0.270104526
Lesotho,0.245894452,0.228899956,0.209243984,0.203110308,0.187642917,0.182875959,0.170068945,0.165572334,0.165493456,0.162420515,0.152896735,0.148087725,0.148386453,0.139168792,0.139776312,0.130986296,0.121908727,0.116579056,0.113326627,0.131390018,0.127988735,0.124211586,0.133262711,0.117324483,0.106453654,0.102581969,0.111179981,0.125399418,0.127631077,0.131043388
Liberia,..,..,..,..,..,..,..,..,..,..,0.1521347,0.151284888,0.143561019,0.214971475,0.238008119,0.262251593,0.242490198,0.199935508,0.154482193,0.145771653,0.18352672,0.193479114,0.190706629,0.156084728,0.197377852,0.214664148,0.214999548,0.174026349,0.148330934,0.156021837
Libya,..,..,..,..,..,..,..,..,..,0.419032124,0.408924442,0.404633076,0.412598201,0.384163717,0.354774155,0.336229944,0.305852894,0.261639647,0.277332627,0.305186674,0.303164277,0.421286558,0.334019743,0.405718647,0.457081659,0.374018035,0.370807765,0.357169993,0.331725839,0.368149418
Liechtenstein,..,..,..,..,..,..,..,..,..,..,..,..,..,..,..,..,..,..,..,..,..,..,..,..,..,..,..,..,..,..
Lithuania,..,..,..,..,..,0.638367493,0.618726615,0.550739883,0.533877109,0.444452318,0.355540163,0.34039673,0.310926161,0.272469531,0.270650839,0.266117068,0.241591081,0.214075881,0.197070843,0.203997485,0.202425961,0.171000147,0.161633397,0.143355801,0.13140188,0.132161084,0.126267558,0.117496538,0.114317156,0.105185198
Luxembourg,0.987163853,0.914707975,0.855171126,0.816410242,0.714408661,0.552650443,0.531180021,0.46237719,0.402632916,0.369112252,0.35591102,0.367970796,0.375741278,0.376640616,0.393446897,0.372219821,0.3144159,0.271926221,0.247903165,0.241400546,0.240785084,0.222581392,0.208346626,0.18508855,0.164736698,0.148606772,0.134131318,0.131252357,0.131065966,0.12736807
"Macao SAR, China",..,..,..,..,..,..,..,..,..,..,..,..,..,..,..,..,..,..,..,..,..,..,..,..,..,..,..,..,..,..
Madagascar,0.063329746,0.069789047,0.068147563,0.067917163,0.080495462,0.087793934,0.080701038,0.082931476,0.090588052,0.087413561,0.080849991,0.075511268,0.056928838,0.070374553,0.069312633,0.066487005,0.058688377,0.056694012,0.053946378,0.053001325,0.057593355,0.065049278,0.08009065,0.083104661,0.082012567,0.087498919,0.079506019,0.085648255,0.078257242,0.090558682
Malawi,0.08794709,0.091042572,0.094557024,0.096235936,0.107889241,0.091752316,0.082840057,0.081641032,0.07568721,0.076294876,0.066009409,0.065064262,0.062994865,0.064457222,0.061132404,0.056652096,0.053870669,0.050926542,0.053692557,0.050275111,0.042213992,0.041212903,0.042057591,0.039337587,0.034084294,0.038415029,0.044759513,0.04574615,0.049632641,0.048586721
Malaysia,0.444791006,0.468108955,0.433697272,0.419199015,0.410287984,0.396044292,0.404066166,0.397804959,0.423305761,0.425881984,0.415681812,0.421015048,0.414374316,0.406961879,0.406542669,0.395862539,0.378212896,0.37795888,0.377909708,0.34185156,0.346057111,0.326020998,0.308027036,0.323268307,0.32199576,0.315060265,0.301017664,0.274473403,0.274546359,0.267685883
Maldives,..,..,..,..,..,0.165766935,0.16253532,0.178987349,0.150126481,0.193402292,0.194819608,0.206973175,0.245401017,0.180851106,0.235048749,0.251851822,0.234088047,0.211605276,0.189635632,0.21244884,0.206460713,0.196001711,0.209621074,0.184038087,0.196916365,0.179593654,0.212581369,0.207498718,0.21161663,0.195044686
Mali,0.001473155,0.001275192,0.001288244,0.001219723,0.001150725,0.001116805,0,0.000960684,..,..,0.113663094,0.110010465,0.091355459,0.082100577,0.083224791,0.084445007,0.089652851,0.092379997,0.086930133,0.099453143,0.103351205,0.11009293,0.110341315,0.107970252,0.104211075,0.10297057,0.118749492,0.124538154,0.122621658,0.122565775
Malta,0.737203167,0.642048867,0.58876283,0.712814536,0.590056381,0.515320418,0.472381045,0.451545704,0.408734116,0.387352451,0.279973178,0.321243099,0.284725576,0.310522658,0.299823257,0.292362915,0.280399089,0.266840779,0.250503044,0.228329701,0.217543136,0.213089612,0.21411726,0.1722773,0.158129243,0.09958298,0.074667308,0.074648609,0.07019782,0.067566563
Marshall Islands,..,..,0.757221564,0.785000473,0.725920255,0.657046188,0.719346033,0.755872693,0.837372248,0.836231611,0.806781628,0.812447891,0.841231124,0.768624116,0.873037519,0.895726575,0.867159498,0.816640394,0.805641508,0.831543166,0.779411655,0.765900476,0.761683018,0.72200821,0.767981503,0.74465321,0.867232668,0.823012316,0.771454288,0.683781155
Mauritania,0.175282326,0.173658269,0.171767415,0.164758082,0.169576269,0.165376559,0.161343096,0.165293636,0.16032917,0.159878588,0.158956908,0.172748377,0.18575588,0.162664326,0.167605165,0.137821181,0.129443604,0.147892067,0.139006476,0.170667046,0.167830893,0.161774683,0.172811351,0.151398542,0.171766436,0.209472211,0.166589798,0.159522515,0.157225734,0.157029129
Mauritius,0.218788147,0.218365467,0.211670529,0.21912961,0.211632711,0.204028927,0.197102499,0.184472854,0.190024302,0.224443827,0.224038906,0.22421997,0.22065195,0.21523452,0.202369568,0.206013485,0.212464864,0.201597439,0.191557017,0.181575083,0.183957447,0.172206575,0.172757085,0.167615498,0.165931006,0.158820496,0.150025322,0.14887839,0.138462073,0.133486653
Mexico,0.397236621,0.393324018,0.374734636,0.396398127,0.401608448,0.394492489,0.381578069,0.372591335,0.373533264,0.348693672,0.345730933,0.339173065,0.339312036,0.341733981,0.327691353,0.32210309,0.30173966,0.292868906,0.277858696,0.274050611,0.265942302,0.250298335,0.241682129,0.230439378,0.212697478,0.211475368,0.198598301,0.191639492,0.178461743,0.177593356
"Micronesia, Fed. Sts.",..,..,0.546582466,0.493733455,0.486008408,0.485263136,0.492201563,0.515076216,0.536495772,0.521867613,0.486776091,0.537635686,0.491404746,0.542211891,0.54481846,0.517682965,0.439770577,0.436207988,0.375910261,0.400267216,0.327271336,0.338948701,0.367308818,0.403608277,0.405550865,0.411208735,0.457295631,0.462765047,0.425956624,0.437942393
Moldova,..,..,..,..,..,1.291954644,1.154746262,1.028723411,0.982817333,0.852210179,0.7450647,0.718484392,0.671227109,0.668222537,0.606695712,0.575342729,0.519537606,0.500979743,0.456545391,0.4523943,0.453444568,0.421814004,0.386612888,0.299658372,0.305728518,0.305720116,0.273775766,0.251080809,0.249110776,0.24488347
Monaco,..,..,..,..,..,..,..,..,..,..,..,..,..,..,..,..,..,..,..,..,..,..,..,..,..,..,..,..,..,..
Mongolia,1.776384886,2.141598431,2.010438852,1.868868545,1.560241187,1.431024925,1.161967519,1.077920485,1.035104581,0.997263536,1.007792147,0.954129364,0.960033091,0.853246108,0.77129967,0.806675174,0.809491781,0.749462544,0.672665206,0.711939865,0.693874571,0.637052515,0.593291336,0.604555527,0.557422802,0.541841816,0.5536663,0.55322829,0.551936305,0.549688321
Montenegro,..,..,..,..,..,..,..,..,..,..,0.418585588,0.406043879,0.40877817,0.420488011,0.424105172,0.391639241,0.338958934,0.273642127,0.315565076,0.217338172,0.30545376,0.283037289,0.270806155,0.245739113,0.232266933,0.232246316,0.18983738,0.185310229,0.186759014,0.175681722
Morocco,0.337414843,0.327347982,0.351798026,0.355957163,0.341388842,0.367261816,0.317491957,0.33286655,0.314437399,0.322473933,0.315945488,0.317593435,0.313286908,0.288237415,0.29474645,0.294159702,0.273905434,0.265328456,0.257867355,0.24640068,0.249006236,0.25049735,0.25685025,0.243334746,0.236403659,0.223931929,0.220169546,0.222447598,0.215573802,0.226494479
Mozambique,0.296177682,0.229159247,0.279296093,0.289293308,0.226714446,0.230969724,0.202223994,0.198627694,0.171747244,0.150400151,0.168987229,0.145380562,0.145843098,0.161942775,0.146909323,0.119579952,0.115025179,0.124643052,0.114469303,0.118920853,0.118753404,0.135378765,0.142935628,0.151444057,0.162317422,0.158082521,0.191826417,0.19605401,0.178429798,0.184887089
Myanmar,0.246708617,0.232664943,0.231790036,0.236122399,0.254316883,0.285407166,0.276714432,0.2544361,0.259553778,0.259806327,0.24492754,0.188385866,0.165066338,0.181068232,0.150067221,0.135317241,0.107745549,0.097181635,0.065272714,0.055693413,0.054269801,0.05285268,0.065580559,0.069339747,0.081280607,0.088034958,0.102228485,0.144113391,0.134069275,0.137543155
Namibia,..,0.188755978,0.187544713,0.215131779,0.240826558,0.245024669,0.25293837,0.244795233,0.240304736,0.22470212,0.208020824,0.254963764,0.207439892,0.207977911,0.189148045,0.190146361,0.172269901,0.16484485,0.177413789,0.179934339,0.17377873,0.172344978,0.172181295,0.174297984,0.165991019,0.170627493,0.16797077,0.17472723,0.167278717,0.165338082
Nauru,..,..,..,..,..,..,..,..,..,..,..,..,..,..,1.609731756,1.609562816,1.019680002,1.029620131,0.826563536,0.752857764,0.669525684,0.59627091,0.52559518,0.494355121,0.383431818,0.439290093,0.419933437,0.510114494,0.402496506,0.395423504
Nepal,0.058041872,0.066258261,0.064863382,0.069941279,0.078090072,0.080719723,0.077634946,0.081176385,0.082547976,0.104843797,0.099630005,0.099901886,0.079225304,0.08090496,0.070031834,0.074493324,0.057419329,0.055508426,0.057054885,0.070376051,0.07934026,0.084223994,0.088733217,0.083728335,0.089911225,0.088827947,0.127716277,0.126679955,0.139924952,0.114122286
Netherlands,0.517522747,0.508863568,0.485190515,0.483035351,0.456750252,0.452748529,0.45599854,0.40947809,0.383066927,0.348857308,0.319327751,0.313841123,0.300978546,0.307446963,0.295206119,0.273481929,0.244212494,0.228580383,0.216424319,0.217884442,0.228630847,0.204105799,0.198815143,0.18984242,0.18040063,0.184778495,0.178037178,0.165045506,0.151899743,0.140131856
New Caledonia,..,..,..,..,..,..,..,..,..,..,..,..,..,..,..,..,..,..,..,..,..,..,..,..,..,..,..,..,..,..
New Zealand,0.4505344,0.444682613,0.46213973,0.420148055,0.391170083,0.370319306,0.369201637,0.382849551,0.368763695,0.362500972,0.355063211,0.361814292,0.342733541,0.345748794,0.320131943,0.322474633,0.295182168,0.26834256,0.268933,0.236106891,0.228640057,0.211282088,0.220813114,0.198082715,0.18980565,0.186850044,0.165683174,0.162038625,0.155295297,0.14872649
Nicaragua,0.234364903,0.225951581,0.256744668,0.247292994,0.269447624,0.261001113,0.256478896,0.25971088,0.288627273,0.267418049,0.267511275,0.264877668,0.267423997,0.287302718,0.263930786,0.235104543,0.229568419,0.219740956,0.199573001,0.200041535,0.194492748,0.189543821,0.177045771,0.159929796,0.156808252,0.159963601,0.149880987,0.142951128,0.134720697,0.141051167
Niger,0.093080403,0.085673422,0.076038386,0.084405143,0.078288674,0.072120194,0.081431906,0.080139679,0.077872718,0.074662235,0.076175166,0.069449132,0.068096014,0.070961618,0.071574021,0.062201902,0.056212142,0.058018032,0.055418483,0.067821017,0.078294344,0.077121812,0.091664107,0.094435549,0.097806267,0.092107183,0.088002702,0.076009423,0.070693063,0.072279531
Nigeria,0.371579931,0.403223075,0.422226163,0.395475279,0.358192795,0.386231728,0.423407925,0.397979906,0.344952143,0.331777827,0.345143219,0.334184747,0.258144665,0.258218167,0.225002013,0.204943452,0.168557425,0.140704324,0.138570825,0.112814199,0.120795954,0.118536494,0.114413671,0.120478286,0.118199655,0.109633406,0.113853705,0.109518508,0.106289763,0.107176824
North Macedonia,0.778383858,0.782821211,0.834798534,0.912254356,0.879340225,0.867933093,0.99459937,0.861341673,0.899645863,0.787215882,0.70263234,0.724449314,0.647864837,0.683715064,0.606412557,0.577342745,0.520097275,0.507552649,0.440167739,0.392840442,0.370072525,0.395608616,0.368504907,0.309863925,0.277216136,0.257721895,0.232682545,0.239080776,0.20933133,0.221953037
Northern Mariana Islands,..,..,..,..,..,..,..,..,..,..,..,..,..,..,..,..,..,..,..,..,..,..,..,..,..,..,..,..,..,..
Norway,0.374299324,0.327494957,0.341612222,0.348429338,0.344554227,0.323824973,0.294380396,0.289935299,0.303331897,0.291196683,0.206686699,0.20365367,0.199407185,0.21097466,0.191108354,0.164493111,0.147392245,0.143310168,0.12528976,0.140002151,0.146232238,0.128792395,0.117351956,0.116129363,0.115537086,0.126073254,0.125631192,0.111599687,0.101371036,0.097050346
Oman,0.251195545,0.302089079,0.258571295,0.242341209,0.243619293,0.264879304,0.259250226,0.248291027,0.233232681,0.258120499,0.270616561,0.282754865,0.300998959,0.320772238,0.304120675,0.28540841,0.332060753,0.333788251,0.295882036,0.292354236,0.306753919,0.332626534,0.340418026,0.347413438,0.37149787,0.459006762,0.485214003,0.46282557,0.469052622,0.468721565
Pakistan,0.253568749,0.238519818,0.240466568,0.254173318,0.248025288,0.251144952,0.243985098,0.247234691,0.24061747,0.250671272,0.234150315,0.224435813,0.220960663,0.21151612,0.215079173,0.200760557,0.200242136,0.205329965,0.192542517,0.189948009,0.178971636,0.171949511,0.16976851,0.165343089,0.165541396,0.167213789,0.179187378,0.187846852,0.162818089,0.158775233
Palau,..,..,..,..,..,..,..,..,..,..,1.105263062,1.063868337,1.011342161,1.025225664,0.995466659,1.049535089,0.982948986,0.900597828,0.820642582,0.831378609,0.86072111,0.790375705,0.799436948,0.813226589,0.751030414,0.660030759,0.778603144,0.828456917,0.777166377,0.760498036
Panama,0.216025213,0.22149813,0.233505308,0.225805535,0.228534116,0.237411649,0.226573027,0.220126245,0.249989281,0.207777312,0.208463257,0.238793897,0.200050174,0.192436945,0.176817,0.202988828,0.190649836,0.165546187,0.144300366,0.168781205,0.166468309,0.159258379,0.148508732,0.128422085,0.120452564,0.10648968,0.095864634,0.081015388,0.075785302,0.095871884
Papua New Guinea,0.327003379,0.290071452,0.249108961,0.208701279,0.17978566,0.188314739,0.17971244,0.19785895,0.224499315,0.2132457,0.232775051,0.273024051,0.286736269,0.311063836,0.357791538,0.324897225,0.289899522,0.276598551,0.256569061,0.252242115,0.225873649,0.224955724,0.199957907,0.202824688,0.197104109,0.202380505,0.223499169,0.21046567,0.204776219,0.193060017
Paraguay,0.091002753,0.082999967,0.097573462,0.103701188,0.114183258,0.118487137,0.112735537,0.117459883,0.120592253,0.120563436,0.099487692,0.100622588,0.103766372,0.101672296,0.095878088,0.084830664,0.083822292,0.072911251,0.078009999,0.082213581,0.080644409,0.078461341,0.080515628,0.073590388,0.07447703,0.082909849,0.087971507,0.093222276,0.092707982,0.088639231
Peru,0.281745688,0.258823601,0.263971521,0.253982943,0.22893567,0.237565848,0.248265091,0.228394055,0.218711448,0.22904132,0.214790053,0.19352749,0.188805255,0.174094205,0.18579956,0.16976864,0.150953482,0.148487362,0.15119888,0.159785028,0.159301896,0.157960181,0.151454301,0.147922022,0.153515857,0.15470035,0.153044414,0.13800064,0.130399429,0.130258268
Philippines,0.250628729,0.24094416,0.254044523,0.263717907,0.266585142,0.299179884,0.302120884,0.314152747,0.309881664,0.285163252,0.269079162,0.249626153,0.24065338,0.231035841,0.215456418,0.20312002,0.169523761,0.163325354,0.157627778,0.156750413,0.154952846,0.147408482,0.140786805,0.146023557,0.145527418,0.151267802,0.152716993,0.156305707,0.149007024,0.144767406
Poland,1.485603517,1.551651918,1.445138002,1.363382601,1.25204045,1.146204776,1.111268345,0.997758,0.867965846,0.795963042,0.724293363,0.690285678,0.636675941,0.63414849,0.592006972,0.568180433,0.543553783,0.489194372,0.441841609,0.404945686,0.394773725,0.360124555,0.337852296,0.322440107,0.296918591,0.28371862,0.280328571,0.275004412,0.256454278,0.222257206
Portugal,0.349210842,0.337046247,0.356472484,0.348033053,0.348630238,0.350913945,0.324556434,0.319088661,0.327924186,0.343623772,0.317400441,0.30331641,0.309275301,0.277503622,0.275922562,0.27428758,0.232785657,0.216707707,0.201887722,0.201330987,0.176728215,0.17645556,0.173458472,0.159378152,0.153636754,0.162256382,0.149403568,0.156682211,0.137806649,0.116350317
Puerto Rico,..,..,..,..,..,..,..,..,..,..,..,..,..,..,..,..,..,..,..,..,..,..,..,..,..,..,..,..,..,..
Qatar,..,..,..,..,..,..,..,..,..,..,0.500180425,0.470642679,0.490468544,0.495687023,0.432066532,0.405182812,0.353802555,0.33240303,0.295042797,0.266939942,0.24711263,0.240346309,0.241383086,0.235831544,0.257273268,0.355427973,0.394042865,0.350211756,0.333545388,0.34604714
Romania,1.408995309,1.294280905,1.226055089,1.100266682,1.014139539,0.98146861,0.955745346,0.905302016,0.797639604,0.675791819,0.678163923,0.659972166,0.602280502,0.601686231,0.49440065,0.462645784,0.40531942,0.338061746,0.276844045,0.238245651,0.220886826,0.221891957,0.205998296,0.18333188,0.174162226,0.171107219,0.152003214,0.140606346,0.130581276,0.11544711
Russian Federation,1.821365019,1.832195764,1.992306387,1.972912792,1.980008242,1.963668174,1.958566038,1.766685648,1.84376238,1.750042121,1.562941891,1.458394247,1.340306212,1.202698812,1.08663105,0.950051411,0.775763175,0.697447771,0.575077891,0.558647083,0.552725627,0.521302107,0.481498832,0.436337406,0.428310081,0.451631735,0.44406066,0.418835733,0.392500446,0.386049343
Rwanda,0.135962252,0.122642551,0.113258548,0.122806848,0.222722408,0.157890972,0.143502961,0.131653509,0.11959378,0.117445526,0.107972278,0.100939909,0.087807268,0.082747766,0.076362487,0.066483766,0.059045593,0.056328079,0.048004393,0.04729861,0.04428121,0.045539663,0.047753263,0.048543802,0.045461709,0.04776538,0.052808708,0.050284437,0.049031521,0.045371159
Samoa,0.247854103,0.272656067,0.267115123,0.275718766,0.25181419,0.277454491,0.275400306,0.269000905,0.30033894,0.289831211,0.269675709,0.261957195,0.259397214,0.241774051,0.255272984,0.256533511,0.232056917,0.224857774,0.181092522,0.191561503,0.188271486,0.186950821,0.1906326,0.187151357,0.191637201,0.208804596,0.23930967,0.239315494,0.219993336,0.214050873
San Marino,..,..,..,..,..,..,..,..,..,..,..,..,..,..,..,..,..,..,..,..,..,..,..,..,..,..,..,..,..,..
Sao Tome and Principe,..,..,..,..,..,..,..,..,..,..,..,0.187904528,0.214807168,0.226941222,0.213456558,0.221858007,0.197689898,0.185724744,0.192987643,0.187216165,0.192691365,0.1808166,0.215573556,0.188230946,0.160615215,0.156791894,0.164466672,0.171023773,0.162254497,0.167094949
Saudi Arabia,0.329424693,0.30376979,0.307056595,0.305930134,0.302412489,0.293383094,0.298273434,0.293240583,0.299533408,0.314295775,0.303282915,0.305563151,0.331729657,0.305946397,0.290576527,0.280571031,0.281712052,0.284723864,0.288958004,0.305799277,0.315692677,0.292276887,0.294456571,0.299501595,0.313733827,0.366570483,0.380321602,0.348089238,0.317143262,0.312034925
Senegal,0.199474741,0.187950238,0.200049656,0.188294116,0.191793361,0.188350365,0.192468611,0.201160449,0.210663607,0.215000585,0.207481344,0.213689179,0.215922793,0.196585983,0.219623636,0.214751846,0.199988431,0.210791233,0.207159142,0.207481127,0.208995832,0.21756632,0.202921708,0.211920359,0.213585749,0.214462327,0.219648648,0.198371871,0.189489933,0.185641456
Serbia,..,..,..,..,..,1.210499669,1.296943102,1.296540754,1.238457941,0.959724029,0.972202754,0.925072289,0.896980081,0.911751472,0.889578163,0.741962425,0.70067845,0.620370155,0.536680124,0.510767473,0.504731544,0.515151204,0.456481632,0.443397913,0.372710566,0.428518918,0.416506787,0.405920546,0.372864959,0.340947863
Seychelles,0.240952332,0.257050808,0.248323496,0.241109293,0.263018241,0.24739141,0.277867628,0.284636471,0.268922284,0.278264708,0.250748125,0.276879682,0.294616565,0.298216226,0.334110911,0.297188267,0.270441342,0.244587338,0.257512325,0.277212776,0.2527807,0.213881841,0.225809795,0.20873668,0.208425559,0.220666229,0.228374571,0.215230132,0.203692353,0.204135642
Sierra Leone,0.095516659,0.095910901,0.108977576,0.108292411,0.114687622,0.083725586,0.104370568,0.080876721,0.085406523,0.068736224,0.103984426,0.144777916,0.128143526,0.126453054,0.111324085,0.087695797,0.107017046,0.081720748,0.07911913,0.076186381,0.076958018,0.093706973,0.091149664,0.086751138,0.091675895,0.079967702,0.079477851,0.076834589,0.066356312,0.064816718
Singapore,0.399248737,0.380720612,0.359829227,0.363048878,0.336060937,0.303887036,0.284622307,0.255901187,0.251195913,0.239049695,0.238878065,0.235639027,0.219332571,0.190134997,0.174867052,0.147076164,0.131842996,0.12129881,0.117235563,0.117581598,0.11080813,0.107888197,0.100214478,0.097982751,0.096151443,0.094369527,0.0919249,0.091866657,0.083489355,0.081099022
Sint Maarten (Dutch part),..,..,..,..,..,..,..,..,..,..,..,..,..,..,..,..,..,..,..,..,..,..,..,..,..,..,..,..,..,..
Slovak Republic,..,..,1.210876833,1.113907562,0.966188989,0.908464787,0.834209011,0.778486251,0.722939632,0.703290906,0.620907268,0.578991975,0.531863274,0.502994031,0.457576176,0.430871268,0.372694259,0.326014038,0.290691018,0.272745927,0.259725479,0.241736269,0.222488347,0.217844136,0.194183495,0.189203299,0.19565213,0.205367512,0.194096254,0.171029166
Slovenia,..,..,..,..,..,0.533573209,0.537347752,0.518259508,0.487136661,0.440123475,0.406054617,0.407396836,0.384421716,0.365716474,0.345403316,0.333636568,0.315636441,0.292563215,0.290108765,0.276121768,0.27681853,0.264347198,0.253072608,0.235648859,0.205959235,0.201330353,0.198346565,0.187171662,0.174129106,0.155162683
Solomon Islands,0.357437449,0.347919664,0.320699227,0.31894369,0.304924989,0.285571224,0.289792949,0.287508432,0.294049261,0.304622791,0.362592725,0.401309437,0.422795097,0.404191663,0.419693658,0.415725166,0.387255846,0.363823563,0.31628643,0.3150687,0.292376316,0.274457433,0.262933767,0.273610609,0.23140204,0.205450489,0.223789295,0.207150041,0.202535545,0.195555157
Somalia,..,..,..,..,..,..,..,..,..,..,..,..,..,..,..,..,..,..,..,..,..,..,..,0.061315333,0.051977158,0.04347863,0.040941866,0.041922466,0.038076753,0.036394238
South Africa,0.952518199,0.910805234,0.8967772,0.893129684,0.866764021,0.863180255,0.842846723,0.851518356,0.859476993,0.777197835,0.745720582,0.799623626,0.784791536,0.796676235,0.798584953,0.730962657,0.675261113,0.652417342,0.666714793,0.637279668,0.643052464,0.587573009,0.611239107,0.598096455,0.603747918,0.559769977,0.550151705,0.551336662,0.528815371,0.524259046
South Sudan,..,..,..,..,..,..,..,..,..,..,..,..,..,..,..,..,..,..,0.04871632,0.047940906,0.045600988,0.045773825,0.09242342,0.066704512,0.096927897,0.148893927,..,..,..,..
Spain,0.404077821,0.393834068,0.399155327,0.369748523,0.370404711,0.371792707,0.339727673,0.346455239,0.333546879,0.345331879,0.33492523,0.314398987,0.309729116,0.301566504,0.299035743,0.290840048,0.250627475,0.241499792,0.212137508,0.193208583,0.185171364,0.184211138,0.181491961,0.16058069,0.154629455,0.158093121,0.142527065,0.143040935,0.134964595,0.11821335
Sri Lanka,0.092919453,0.089283818,0.110020245,0.097471799,0.102446478,0.095935388,0.130372214,0.120158881,0.117163412,0.122221725,0.129720799,0.127910843,0.127174238,0.128262105,0.12284978,0.121786246,0.097325581,0.09724904,0.084891278,0.078160525,0.076038756,0.080873319,0.077691207,0.062561063,0.072355236,0.079530627,0.079215436,0.080192399,0.071080116,0.076728976
St. Kitts and Nevis,0.302873725,0.298533015,0.381724249,0.325861613,0.324626949,0.301717754,0.279936493,0.27478579,0.307188561,0.293470307,0.275267062,0.282688242,0.300746253,0.307001172,0.299985895,0.242977576,0.238892542,0.25132347,0.22179999,0.638667248,0.216276791,0.243254301,0.307280935,0.197899559,0.1818667,0.1890005,0.179666166,0.171221122,0.170690468,0.161167724
St. Lucia,0.201936198,0.204841595,0.278284039,0.261255504,0.269131912,0.284146961,0.271114313,0.27627487,0.286417226,0.275090455,0.26886515,0.293158485,0.294306845,0.289680809,0.262994963,0.250359258,0.24948771,0.238881694,0.227985636,0.651808617,0.245231896,0.253535047,0.324591839,0.212989116,0.208556282,0.206073289,0.198219849,0.196202868,0.186259136,0.187658697
St. Martin (French part),..,..,..,..,..,..,..,..,..,..,..,..,..,..,..,..,..,..,..,..,..,..,..,..,..,..,..,..,..,..
St. Vincent and the Grenadines,0.180677839,0.194405941,0.238237761,0.241835166,0.258214237,0.251447004,0.24378612,0.246973562,0.278620738,0.267498837,0.21671971,0.260378848,0.279888499,0.257257561,0.261555443,0.247445089,0.224341493,0.228326004,0.206598522,0.741019266,0.215304773,0.22918571,0.301348164,0.183033058,0.207007549,0.188951656,0.181345303,0.159838264,0.164657569,0.167557677
Sudan,0.136715674,0.109948369,0.095190293,0.063012025,0.089431745,0.079298301,0.070260358,0.070975408,0.061251178,0.06521345,0.064254708,0.064810559,0.074262804,0.070471717,0.072681893,0.079323604,0.088741594,0.08843454,0.089481694,0.094684451,0.095554624,0.093772618,0.114700751,0.106958778,0.095870141,0.108454866,0.111470709,0.111670705,0.111534961,0.110726182
Suriname,0.657219647,0.721003484,0.702130046,0.738711944,0.702880212,0.695095855,0.682306671,0.640584634,0.619212981,0.625092803,0.41210954,0.397238162,0.280359884,0.284041602,0.288109374,0.325015055,0.269805679,0.230328381,0.224697806,0.215250541,0.242689095,0.251719251,0.285592204,0.248836607,0.274340557,0.282665311,0.346711558,0.239670895,0.197169137,0.229586486
Sweden,0.305163506,0.303584476,0.314196067,0.312013912,0.304291589,0.285482786,0.300794704,0.261485906,0.254688098,0.235309007,0.202730012,0.197163377,0.195712043,0.193672558,0.175987608,0.162380047,0.142749116,0.125960083,0.118733932,0.114481198,0.121547916,0.10576112,0.097436158,0.0911797,0.085419323,0.081447178,0.077494331,0.073285547,0.066122644,0.060368694
Switzerland,0.226495558,0.233052449,0.228109117,0.212123891,0.201025627,0.19986537,0.197291594,0.184016898,0.183551741,0.179022257,0.165430061,0.164762593,0.154092026,0.157297053,0.151909336,0.147668036,0.130699286,0.112587556,0.108673895,0.105690742,0.105321711,0.089773726,0.088716287,0.086478815,0.075802454,0.071487946,0.069563844,0.066261188,0.061428667,0.059133023
Syrian Arab Republic,..,..,..,..,..,..,..,..,..,..,..,..,..,..,..,..,..,..,..,..,..,..,..,..,..,..,..,..,..,..
Tajikistan,0.79039808,0.759496171,0.790836201,0.621255608,0.454466865,0.419630093,0.44148509,0.478275415,0.495612032,0.432156866,0.33788977,0.29470015,0.259456966,0.234601882,0.247040584,0.213264209,0.210567618,0.231199641,0.195452369,0.148181545,0.139767227,0.133212198,0.139436524,0.131128616,0.168012344,0.183976957,0.225671479,0.255132767,0.272744367,0.270757442
Tanzania,0.080462505,0.075443677,0.072942022,0.07267525,0.069692625,0.094204129,0.099509641,0.088951433,0.078946369,0.069546787,0.076166945,0.074510439,0.078138074,0.075655575,0.092595189,0.093071949,0.090589709,0.080702415,0.077078429,0.07095913,0.076835333,0.082857625,0.102899965,0.104624506,0.098412759,0.099593265,0.087716935,0.088103086,0.08277676,0.079746424
Thailand,0.366268551,0.358729245,0.357197338,0.366430131,0.371020899,0.382014179,0.398224688,0.410001163,0.386773818,0.381006076,0.358199034,0.356492403,0.35184726,0.335331328,0.336472143,0.324421316,0.302721306,0.285549302,0.279089503,0.270258899,0.264310356,0.255918764,0.248496445,0.248298035,0.242390767,0.242819663,0.228264133,0.214638881,0.199761486,0.19962124
Timor-Leste,..,..,..,..,..,..,..,..,..,..,..,..,0.13647952,0.136823957,0.156136703,0.154347499,0.14872421,0.131332745,0.121468417,0.120014887,0.113186139,0.109009742,0.112887731,0.160624838,0.165862549,0.14922934,0.15718753,0.156337427,0.153750929,0.124298106
Togo,0.232002512,0.214464909,0.176112373,0.170202517,0.209343269,0.204751815,0.256381867,0.123139272,0.19679239,0.269835527,0.19751196,0.17800587,0.191704358,0.240571411,0.230133388,0.230113283,0.195094876,0.18364962,0.181240233,0.30649317,0.266211564,0.234858605,0.200463163,0.146776512,0.124743394,0.133036845,0.156718715,0.133624362,0.13873404,0.132596576
Tonga,0.37846881,0.387022357,0.335509251,0.355422383,0.331570209,0.336049271,0.259323395,0.283326904,0.273449983,0.317779777,0.280037642,0.237574299,0.247902176,0.285143865,0.3082616,0.298646962,0.334775838,0.281740499,0.263902763,0.297880086,0.250282739,0.210409743,0.204859894,0.218953959,0.193125054,0.206178613,0.239432789,0.27290108,0.23634857,0.230566344
Trinidad and Tobago,1.527041499,1.421610891,1.272184984,1.019907647,0.790599234,0.731515265,0.714862493,0.689135655,0.645219408,0.587800439,0.553964974,0.592483002,0.589798202,0.615805135,0.578913072,0.577407877,0.564251217,0.535972905,0.496725686,0.490963594,0.529207353,0.53934996,0.505621887,0.521168502,0.510140682,0.528106522,0.479874427,0.470845112,0.451952463,0.428803251
Tunisia,0.462157529,0.444739939,0.432329389,0.420964995,0.399710286,0.390891869,0.369791059,0.355911056,0.350534518,0.343396225,0.337648599,0.331502755,0.324245717,0.300751997,0.288264392,0.275970239,0.264669242,0.250090091,0.240163441,0.231952587,0.242211701,0.231852699,0.238739663,0.23609083,0.245554284,0.251850932,0.238269124,0.233244651,0.221457306,0.214869895
Turkiye,0.302601632,0.299489705,0.28787752,0.27028713,0.276737638,0.276436036,0.280136989,0.267787799,0.346933904,0.352495868,0.355326916,0.331932687,0.339801071,0.341855737,0.305258786,0.288307186,0.276228196,0.277088662,0.25202102,0.258716583,0.234174421,0.218497691,0.212086403,0.186755706,0.183093414,0.173848019,0.176994135,0.183679513,0.178833466,0.171559262
Turkmenistan,2.231788642,1.915314734,1.637535817,1.512604011,2.227687092,2.382058841,1.974332938,2.182719404,2.103879358,2.107999438,1.996932711,1.901279927,1.976608003,2.100912889,2.075515356,1.824352434,1.636674303,1.616214126,1.401476109,1.159940664,1.185636345,1.119932426,1.086496168,1.027160416,0.968186014,0.963353958,0.934346655,0.894020767,0.821398267,0.757267697
Turks and Caicos Islands,..,..,..,..,..,..,..,..,..,..,..,..,..,..,..,..,..,..,..,..,..,..,..,..,..,..,..,..,..,..
Tuvalu,0.682202618,0.636900046,0.605813728,0.568420376,0.504641257,0.520315634,0.543351248,0.485567917,0.415721598,0.416457045,0.411222355,0.40216184,0.361556269,0.370675006,0.369379697,0.375619453,0.355700693,0.32325136,0.297345267,0.315148326,0.318483283,0.292085854,0.292955534,0.27591787,0.270853209,0.242870994,0.227579169,0.21942226,0.210607677,0.181827104
Uganda,0.067531022,0.06345155,0.060727771,0.054094173,0.044859607,0.051271764,0.051021162,0.050449403,0.053981567,0.050436683,0.048187639,0.044803455,0.046502671,0.045129758,0.042721429,0.048276269,0.050224509,0.053941886,0.050383181,0.05302934,0.049160287,0.049445487,0.054312608,0.051322297,0.053316862,0.058005046,0.059663765,0.060534133,0.063038339,0.058184242
Ukraine,1.742976923,1.748228783,1.672177093,1.654227546,1.748811067,1.873838085,1.77247004,1.703567141,1.618094188,1.580403335,1.41943768,1.289485768,1.218931813,1.185878917,0.960797703,0.869308148,0.806701751,0.745300105,0.690161044,0.675063699,0.684884215,0.670415172,0.626237625,0.534724508,0.514581344,0.438747518,0.423903275,0.347171001,0.347643576,0.311529856
United Arab Emirates,0.346546614,0.370577698,0.340000588,0.349527883,0.356172404,0.347269458,0.336743056,0.31731224,0.320588773,0.315427251,0.275157477,0.304439139,0.29851675,0.281733311,0.2653428,0.259748259,0.239452121,0.245045727,0.275804094,0.291008386,0.29341623,0.273459069,0.270719917,0.277785882,0.265156871,0.314113528,0.324694745,0.305250405,0.264512996,0.274051865
United Kingdom,0.573274153,0.569600231,0.542252281,0.501533837,0.467446187,0.440141732,0.426740546,0.38996146,0.379716363,0.36413897,0.340482447,0.331624559,0.307627256,0.299906571,0.282394465,0.273470951,0.255696761,0.242329565,0.226182334,0.212715924,0.210145137,0.188444452,0.190669764,0.175933335,0.15471656,0.143533807,0.130031719,0.119805167,0.114091869,0.10512221
United States,0.812410366,0.780675429,0.748371976,0.728317712,0.695299288,0.669791638,0.653215695,0.646262292,0.616865513,0.582381724,0.563441547,0.543214718,0.511755145,0.493957043,0.469689719,0.441245674,0.409181318,0.396312692,0.376332658,0.356154652,0.358304379,0.331646812,0.304913777,0.302323954,0.290997837,0.27412415,0.261806418,0.247405756,0.242376979,0.22541602
Uruguay,0.193968691,0.205686246,0.203379667,0.182167321,0.158107114,0.17259039,0.186546516,0.172353299,0.169518474,0.199961329,0.160562135,0.148048507,0.144587107,0.139414075,0.157232361,0.140828862,0.153268659,0.129451037,0.15700108,0.148105981,0.11115172,0.125473171,0.138600986,0.113509973,0.095130569,0.096256185,0.084799805,0.077140227,0.080390532,0.078100334
Uzbekistan,2.159837539,2.113955937,2.219582164,2.248865273,2.206887011,1.966237964,1.926656478,1.820802211,1.992457765,1.887494286,1.88920727,1.800803522,1.762250905,1.556108726,1.444266895,1.250095457,1.205941711,1.032344668,0.976781358,0.812168777,0.808009533,0.750102894,0.626844109,0.586845901,0.524961716,0.474310523,0.486124591,0.494355916,0.470581519,0.453828783
Vanuatu,0.283189017,0.265566438,0.216947521,0.210376985,0.188829944,0.213632223,0.263596532,0.247007835,0.214593325,0.237262364,0.219029098,0.221736896,0.204716563,0.216561897,0.157743826,0.145242089,0.129903892,0.193206646,0.163196478,0.204590224,0.199647379,0.18962971,0.170110397,0.152544307,0.211185217,0.182288387,0.221652411,0.193232382,0.226558608,0.215589667
"Venezuela, RB",0.539767146,0.47281803,0.445017194,0.451514135,0.449085057,0.452970466,0.476192712,0.460851769,0.460476139,0.468567402,0.463239053,0.452419119,0.506574596,0.519480995,0.439786895,0.408045636,0.360632581,0.311630118,0.308223333,0.319490974,0.344641267,0.316072579,..,..,..,..,..,..,..,..
Vietnam,0.243964946,0.228124237,0.215763657,0.227168736,0.224926647,0.236699605,0.237164134,0.251324278,0.261621302,0.251321943,0.253936187,0.259020854,0.281245395,0.275073257,0.29882465,0.29259318,0.27250215,0.274485095,0.285070764,0.302344868,0.321296139,0.304695236,0.273609671,0.270667591,0.273791488,0.3150986,0.290216798,0.270778747,0.304983064,0.3288141
Virgin Islands (U.S.),..,..,..,..,..,..,..,..,..,..,..,..,..,..,..,..,..,..,..,..,..,..,..,..,..,..,..,..,..,..
West Bank and Gaza,..,..,..,..,..,..,..,..,..,..,..,..,..,..,..,..,..,..,..,..,..,..,..,..,..,..,..,..,..,..
"Yemen, Rep.",0.274413458,0.319672769,0.310251325,0.27289356,0.273491545,0.285800983,0.275107473,0.276988783,0.276587868,0.296570498,0.291958888,0.294096688,0.278965891,0.306458533,0.301319033,0.29754661,0.290505412,0.290580917,0.286309063,0.300471582,0.263842657,0.26724543,0.245901084,0.300035774,..,..,..,..,..,..
Zambia,0.23128104,0.235231232,0.231603108,0.186568763,0.170442266,0.16148234,0.123360998,0.151991556,0.142975427,0.109268962,0.105761845,0.099837679,0.098156751,0.09750663,0.089998136,0.088315723,0.07558312,0.061689847,0.06211957,0.064254767,0.061493745,0.065433458,0.081399833,0.079371251,0.086044646,0.091054961,0.095490742,0.115944119,0.123552177,0.105260485
Zimbabwe,0.911501774,0.924370126,1.00255576,0.896216172,0.750617696,0.711964852,0.608151948,0.541878386,0.529858574,0.592326558,0.51741534,0.506116018,0.491512349,0.473290931,0.469628369,0.519508046,0.488252604,0.489917587,0.454645094,0.411236841,0.414446496,0.421008376,0.385422171,0.3591978,0.340332676,0.335796766,0.279867988,0.300613431,0.334753425,0.333520781
