Data Source,World Development Indicators,,,,,,,,,,,,,,,,,,,,,,,,,,,,,,,,,,,,,,,,,,,,,,,,,,,,,,,,,,,,,,,,
,,,,,,,,,,,,,,,,,,,,,,,,,,,,,,,,,,,,,,,,,,,,,,,,,,,,,,,,,,,,,,,,,
Last Updated Date,3/1/2023,,,,,,,,,,,,,,,,,,,,,,,,,,,,,,,,,,,,,,,,,,,,,,,,,,,,,,,,,,,,,,,,
,,,,,,,,,,,,,,,,,,,,,,,,,,,,,,,,,,,,,,,,,,,,,,,,,,,,,,,,,,,,,,,,,
Country Name,Country Code,Indicator Name,Indicator Code,1960,1961,1962,1963,1964,1965,1966,1967,1968,1969,1970,1971,1972,1973,1974,1975,1976,1977,1978,1979,1980,1981,1982,1983,1984,1985,1986,1987,1988,1989,1990,1991,1992,1993,1994,1995,1996,1997,1998,1999,2000,2001,2002,2003,2004,2005,2006,2007,2008,2009,2010,2011,2012,2013,2014,2015,2016,2017,2018,2019,2020,2021
Aruba,ABW,Military expenditure (% of general government expenditure),MS.MIL.XPND.ZS,,,,,,,,,,,,,,,,,,,,,,,,,,,,,,,,,,,,,,,,,,,,,,,,,,,,,,,,,,,,,,
Africa Eastern and Southern,AFE,Military expenditure (% of general government expenditure),MS.MIL.XPND.ZS,,,,,,,,,,,,,,,,,,,,,,,,,,,,,,,,,,,,,,,,,7.642554902,7.681288701,7.831750607,7.024719798,7.124674338,9.480680542,9.189218056,6.496260496,6.299140313,6.672329791,6.802160586,7.914092262,10.22564233,10.8287791,11.42606115,12.67037273,12.17769181,10.78970332,7.789326,6.181586172,4.341015568,3.909494065
Afghanistan,AFG,Military expenditure (% of general government expenditure),MS.MIL.XPND.ZS,,,,,,,,,,,,,,,,,,,,,,,,,,,,,,,,,,,,,,,,,,,,,16.134336,12.68975795,10.36038171,11.94840462,11.16540879,9.860389375,9.354596133,8.302760046,4.696372865,4.311764354,5.10979266,3.833142187,3.680251052,3.65259209,3.724855275,4.275736197,4.972825374,
Africa Western and Central,AFW,Military expenditure (% of general government expenditure),MS.MIL.XPND.ZS,,,,,,,,,,,,,,,,,,,,,,,,,,,,,,,,,,,,,,,,5.540430965,5.929213142,5.923622561,6.582794649,6.686572104,5.430026927,4.631907409,4.667167202,3.660875639,4.782167812,4.869059802,4.538779388,4.256628504,4.400954556,4.514753299,4.337156685,4.690584864,5.774381369,5.990314575,5.937305575,5.871909096,6.112090699,6.756608118
Angola,AGO,Military expenditure (% of general government expenditure),MS.MIL.XPND.ZS,,,,,,,,,,,,,,,,,,,,,,,,,,,,,,,,,,,,,6.032920354,13.87546419,6.233867661,27.37551734,12.88332161,10.78863067,9.19173249,10.93456472,11.64700144,13.91893868,12.29088612,8.167255331,6.784490291,10.46415879,10.60449054,8.704542555,8.698622879,12.02507254,12.88774297,11.47984953,12.39996009,10.41407728,9.503921697,8.523617441,7.462364417,6.775820097
Albania,ALB,Military expenditure (% of general government expenditure),MS.MIL.XPND.ZS,,,,,,,,,,,,,,,,,,,,,,,,,,,,,,,,,,,,,,4.424699425,3.582513769,3.578827146,3.843840657,4.14741289,4.269752801,4.612929526,4.663211038,4.734375202,5.428988625,6.226081057,6.256197865,4.642727214,5.303741525,5.283864502,5.267900096,4.826485536,4.243784983,3.778892513,3.78723434,3.8051811,4.029426801,4.457658629,3.795233069,4.185888251
Andorra,AND,Military expenditure (% of general government expenditure),MS.MIL.XPND.ZS,,,,,,,,,,,,,,,,,,,,,,,,,,,,,,,,,,,,,,,,,,,,,,,,,,,,,,,,,,,,,,
Arab World,ARB,Military expenditure (% of general government expenditure),MS.MIL.XPND.ZS,,,,,,,,,,,,,,,,,,,,,,,,,,,,,,,,31.78587288,24.47287151,24.56646208,24.14414875,22.91632007,21.43209194,22.63547659,27.13070762,23.42821317,21.90245306,21.53114231,19.65608499,19.28518938,18.22714649,18.37892888,18.28232793,17.48544933,15.89427508,15.75432239,15.59921294,14.83918862,15.1002873,16.81781643,17.57717972,21.93583975,18.28704075,21.27571192,18.65199464,16.9181613,17.20828421,16.35465657
United Arab Emirates,ARE,Military expenditure (% of general government expenditure),MS.MIL.XPND.ZS,,,,,,,,,,,,,,,,,,,,,,,,,,,,,,,,,,,,,,19.15982164,20.6072478,20.65200064,26.18588227,22.24508985,22.85465218,23.40297725,26.04258772,23.22490448,20.64326338,18.58166292,16.71083883,15.59309551,18.74156373,17.54851406,17.4275929,19.91488852,17.03876785,,,,,,,
Argentina,ARG,Military expenditure (% of general government expenditure),MS.MIL.XPND.ZS,,,,,,,,,,,,,,,,,,,,,,,,,,,,,,,,,,5.779800756,5.68143952,5.76284549,4.893382779,4.514968764,4.39388452,4.285201194,4.069803677,4.007102469,4.468856795,4.307951563,3.835481561,3.468317778,2.961427447,2.682003901,2.479514107,2.56776862,2.442821629,2.189814614,2.131435978,2.227848986,2.260063886,2.055121809,1.948954748,2.061587616,1.880141815,1.835073148,1.726829517,
Armenia,ARM,Military expenditure (% of general government expenditure),MS.MIL.XPND.ZS,,,,,,,,,,,,,,,,,,,,,,,,,,,,,,,,,,,,,,,,,,,,,,14.4528086,14.73773176,13.57100469,15.2706603,14.5588155,16.28077049,15.4377929,15.98840553,16.79748287,16.43710151,16.09987433,15.12266232,14.79147635,17.13066908,19.22596578,16.25717086,16.3153117
American Samoa,ASM,Military expenditure (% of general government expenditure),MS.MIL.XPND.ZS,,,,,,,,,,,,,,,,,,,,,,,,,,,,,,,,,,,,,,,,,,,,,,,,,,,,,,,,,,,,,,
Antigua and Barbuda,ATG,Military expenditure (% of general government expenditure),MS.MIL.XPND.ZS,,,,,,,,,,,,,,,,,,,,,,,,,,,,,,,,,,,,,,,,,,,,,,,,,,,,,,,,,,,,,,
Australia,AUS,Military expenditure (% of general government expenditure),MS.MIL.XPND.ZS,,,,,,,,,,,,,,,,,,,,,,,,,,,,,7.043515157,6.915018271,6.791905229,6.549262014,6.362019335,6.381093534,6.260891976,6.004087296,5.761081646,5.686301618,5.388234846,5.208765829,5.182884007,5.233755852,5.354593312,5.281482376,5.235224825,5.199497282,5.264887018,5.284417927,5.126110534,5.091182864,5.020280657,4.836930627,4.568986829,4.494058022,4.810116152,5.224688287,5.591401576,5.436867558,5.128924471,4.819937229,4.497798621,4.632989386
Austria,AUT,Military expenditure (% of general government expenditure),MS.MIL.XPND.ZS,,,,,,,,,,,,,,,,,,,,,,,,,,,,,2.702750198,2.635711271,2.545085487,2.411183789,2.239021067,2.057513723,2.026279164,1.90122555,1.86221023,1.946116889,1.83072183,1.944474241,1.931590281,1.765043486,1.68193442,1.823184374,1.657907677,1.661921982,1.559829535,1.828642124,1.745914732,1.539275409,1.554324604,1.554067325,1.520050002,1.453745547,1.429112312,1.368125644,1.457396724,1.536100082,1.528019547,1.497987662,1.453337013,1.481388192
Azerbaijan,AZE,Military expenditure (% of general government expenditure),MS.MIL.XPND.ZS,,,,,,,,,,,,,,,,,,,,,,,,,,,,,,,,,,,8.023255814,14.67336683,11.40740741,11.50470219,13.38709677,13.46467391,12.42740999,13.77802691,9.693513899,11.20155039,10.85672798,10.2201278,13.50832806,10.98742053,10.46834139,9.636955637,8.733328421,13.84348321,12.71589549,12.01947136,12.52259387,14.12855377,10.41738724,10.58364044,10.70979166,11.90228062,13.03388495,14.19384729
Burundi,BDI,Military expenditure (% of general government expenditure),MS.MIL.XPND.ZS,,,,,,,,,,,,,,,,,,,,,,,,,,,,,,,17.28187748,16.37925576,11.85305193,13.82759866,20.10518721,16.36199574,20.60140926,29.11908101,28.33899036,24.7561304,19.72922448,23.90261577,22.60864862,15.17342907,12.01665791,13.3852762,9.628083865,8.763184132,6.610091067,,,,6.731225018,7.139677937,8.074710955,9.199448762,9.936761131,8.312284626,8.261072023,9.759188371,7.558273882,6.664121377
Belgium,BEL,Military expenditure (% of general government expenditure),MS.MIL.XPND.ZS,,,,,,,,,,,,,,,,,,,,,,,,,,,,,4.638372396,4.470217809,4.279596445,4.062619994,3.237303967,3.005444544,3.030957257,2.934068512,2.863815489,2.825233483,2.781414496,2.760424329,2.734630387,2.599308955,2.452260127,2.392281166,2.34513758,2.114533061,2.164663166,2.26102798,2.406508435,2.135610755,2.02398111,1.902590813,1.844549798,1.797977049,1.746337066,1.692643768,1.684387462,1.698126244,1.706356967,1.714100306,1.764799367,1.91103329
Benin,BEN,Military expenditure (% of general government expenditure),MS.MIL.XPND.ZS,,,,,,,,,,,,,,,,,,,,,,,,,,,,,,10.46518314,9.239343991,,,,,,,,,4.516935424,2.639473179,2.317345131,4.074978526,4.729118575,5.061166462,4.816420069,5.118655558,,4.563475194,,,,4.931580267,4.614196726,4.927569783,4.3987447,4.366126549,5.176355784,3.822931949,3.241628912,2.405550886,3.003997919
Burkina Faso,BFA,Military expenditure (% of general government expenditure),MS.MIL.XPND.ZS,,,,,,,,,,,,,,,,,,,,,,,,,,,,,11.99143921,16.01451562,13.14482341,11.61707725,11.24646756,9.415325793,7.961594783,7.087144921,6.463926189,6.992550603,6.342017088,5.758135888,6.244198398,5.877563815,6.051090832,6.097434943,5.958411319,5.944976533,5.075038518,6.198865627,6.68571414,6.286339223,5.655888666,5.631745928,5.18806566,4.893354701,6.079699492,6.143704662,5.387174482,5.195314408,7.949459818,9.52752815,8.649748731,9.588550215
Bangladesh,BGD,Military expenditure (% of general government expenditure),MS.MIL.XPND.ZS,,,,,,,,,,,,,,,,,,,,,,,,,,,,,10.33377376,10.45006222,10.28200638,10.4265603,11.58163182,11.15832048,11.82607834,11.44235785,11.9872759,12.26546848,12.3268919,14.15816219,12.3096971,10.5139682,10.12357234,9.875972698,10.10515122,9.479220273,9.774356132,10.35751511,8.130350288,9.729387564,11.17228305,10.45518402,9.945240399,9.131855835,9.72598843,10.51397839,10.92092389,9.782484547,9.462407685,9.374465456,9.204434025,8.56491343
Bulgaria,BGR,Military expenditure (% of general government expenditure),MS.MIL.XPND.ZS,,,,,,,,,,,,,,,,,,,,,,,,,,,,,,,,,,,,,,,6.964682638,7.244616234,7.143541128,7.847474122,7.925349402,7.524994276,6.858345021,6.567929009,6.405326293,6.72976315,6.372850753,5.1509266,4.753255787,4.112178374,4.089454491,4.099400171,3.531824883,3.337620002,3.800916579,3.815981513,4.222104426,8.736244643,4.045303892,3.901266166
Bahrain,BHR,Military expenditure (% of general government expenditure),MS.MIL.XPND.ZS,,,,,,,,,,,,,,,,,,,,,,,,,,,,,,,14.28571429,16.98113208,16.74641148,16.77316294,16.28614916,17.09145427,19.29824561,13.61079865,17.58865248,17.01863354,17.15374841,14.64435146,14.52173913,15.91468417,15.52795031,12.90106952,12.86650775,12.66247379,11.84164479,14.08412483,10.11813538,11.45299145,11.8882054,12.47108048,15.5508831,12.72471251,13.35096698,13.42730662,12.03940474,12.33312276,11.47761843,11.58340767
"Bahamas, The",BHS,Military expenditure (% of general government expenditure),MS.MIL.XPND.ZS,,,,,,,,,,,,,,,,,,,,,,,,,,,,,,,,,,,,,,,,,,,,,,,,,,,,,,,,,,,,,,
Bosnia and Herzegovina,BIH,Military expenditure (% of general government expenditure),MS.MIL.XPND.ZS,,,,,,,,,,,,,,,,,,,,,,,,,,,,,,,,,,,,,,,,,,,7.5526538,5.033630098,4.320630569,3.467684478,3.134580703,2.73448445,2.523019601,2.810811033,2.630045351,2.450069861,2.444064763,2.444780381,2.22141048,2.316511458,2.225854786,2.132504915,2.077882233,2.027937667,1.850563607,1.996106995
Belarus,BLR,Military expenditure (% of general government expenditure),MS.MIL.XPND.ZS,,,,,,,,,,,,,,,,,,,,,,,,,,,,,,,,,,,,,,,,,,32.80212483,30.93829248,28.85783718,29.84615385,32.21010902,35.0219695,32.44939271,23.42896175,25.67714713,30.26604897,30.38933764,31.60581745,31.13683922,32.67156643,30.10517907,30.81184633,29.36055806,31.24017628,32.14874719,30.30265791,29.99845086
Belize,BLZ,Military expenditure (% of general government expenditure),MS.MIL.XPND.ZS,,,,,,,,,,,,,,,,,,,,,,,,,,,,,,,,,,,,,4.685808824,5.399425287,,,2.700616698,2.460284653,2.5421875,2.619364472,2.870242057,3.444039389,3.808693798,3.541589447,4.925720395,4.438955656,3.77300123,3.564450867,3.451048753,3.762724868,3.74729539,3.219204082,3.527682778,3.671329618,3.789149756,3.717648402,4.066900228,3.288176338
Bermuda,BMU,Military expenditure (% of general government expenditure),MS.MIL.XPND.ZS,,,,,,,,,,,,,,,,,,,,,,,,,,,,,,,,,,,,,,,,,,,,,,,,,,,,,,,,,,,,,,
Bolivia,BOL,Military expenditure (% of general government expenditure),MS.MIL.XPND.ZS,,,,,,,,,,,,,,,,,,,,,,,,,,,,,8.428295503,8.835354665,12.36450602,11.11830955,9.924392876,7.050541516,8.407462485,8.131167268,7.627902219,8.039568651,8.978480832,7.264762039,7.037180582,7.261480489,5.978313258,6.70681042,5.863505934,5.174513078,4.914624437,4.560288466,5.552225707,4.917323994,5.42203816,4.763315492,5.121241888,4.791051934,4.385245129,3.945776771,3.832963091,3.980632445,4.035395918,4.023919566,3.665593933,4.528735061
Brazil,BRA,Military expenditure (% of general government expenditure),MS.MIL.XPND.ZS,,,,,,,,,,,,,,,,,,,,,,,,,,,,,,,,,,,,,4.32646869,4.087180115,4.064239474,4.156429252,5.019227513,5.387003398,4.871397455,3.667725042,3.828258295,3.83283376,3.778695468,3.897719433,3.854203644,4.147187428,3.858834731,3.757367969,3.70330284,3.550302082,3.453669801,3.548453366,3.400626373,3.692490279,3.897979106,3.697611855,3.172186404,3.277293345
Barbados,BRB,Military expenditure (% of general government expenditure),MS.MIL.XPND.ZS,,,,,,,,,,,,,,,,,,,,,,,,,,,,,,,,,,,,,,,,,,,,,,,,,,,,,,,,,,,,,,
Brunei Darussalam,BRN,Military expenditure (% of general government expenditure),MS.MIL.XPND.ZS,,,,,,,,,,,,,,,,,,,,,,,,,,,,,13.23258386,12.51292658,14.6914446,15.24083393,13.3507001,11.03005544,9.272137228,9.086829706,12.36645299,13.44455348,12.10034432,10.12950971,9.795253606,9.885931559,8.432229856,10.84398977,6.894435352,8.10162522,8.249292286,8.119373124,8.353688324,8.442582144,7.878586217,7.547306081,6.966246442,6.781533605,9.055179418,8.47865765,8.99423108,7.832884427,8.20050136,9.491442953,10.94744499,10.49896587
Bhutan,BTN,Military expenditure (% of general government expenditure),MS.MIL.XPND.ZS,,,,,,,,,,,,,,,,,,,,,,,,,,,,,,,,,,,,,,,,,,,,,,,,,,,,,,,,,,,,,,
Botswana,BWA,Military expenditure (% of general government expenditure),MS.MIL.XPND.ZS,,,,,,,,,,,,,,,,,,,,,,,,,,,,,10.0248538,9.589236111,10.27208481,10.42048175,9.984113268,10.20170068,10.31923771,9.138265103,7.795295295,8.080184777,8.631543321,7.587808418,8.169209431,8.986357984,9.004296626,9.154583436,8.478110798,8.226519964,8.071135431,7.578656891,6.455903272,5.98189415,6.165890101,6.425209476,6.113756874,6.16762521,6.147160035,7.141478745,9.964904487,9.271059887,8.149107472,8.454680194,8.667594771,8.369390011
Central African Republic,CAF,Military expenditure (% of general government expenditure),MS.MIL.XPND.ZS,,,,,,,,,,,,,,,,,,,,,,,,,,,,,,,,6.795293593,7.033569046,7.176235422,5.606249528,5.639133643,10.31086285,,,,,,6.533857549,10.29338931,8.831407447,6.745184681,,8.460877678,9.670632419,10.91900261,13.96318603,14.46821591,11.74574127,21.15004958,11.26569211,11.28142857,12.14340757,9.685870152,7.611080944,10.58375893,7.403313956,8.500486026
Canada,CAN,Military expenditure (% of general government expenditure),MS.MIL.XPND.ZS,,,,,,,,,,,,,,,,,,,,,,,,,,,,,4.340826559,4.186889011,3.981908637,3.59879493,3.456985014,3.444890848,3.369516493,3.172712868,2.978952707,2.790856969,2.815580948,2.897315014,2.747572426,2.757412336,2.764948287,2.760815105,2.821511514,2.874060682,2.903522128,3.078451539,3.212136823,3.172574511,2.773406684,2.870198259,2.732734781,2.508379903,2.579913567,2.880447132,2.856611559,3.341695487,3.230879748,3.14021275,2.680355947,2.735723076
Central Europe and the Baltics,CEB,Military expenditure (% of general government expenditure),MS.MIL.XPND.ZS,,,,,,,,,,,,,,,,,,,,,,,,,,,,,,,,,,,,5.358710658,4.981212323,5.142479318,4.786305396,4.574641891,4.372792433,4.394573459,4.319144462,4.267948953,4.184386642,4.24068958,4.052964353,4.057276867,3.682640463,3.445758865,3.317326038,3.257754877,3.292801374,3.254715916,3.391805023,3.692648378,3.718325099,3.866198964,4.1327759,4.354943909,4.174472076,4.150378432
Switzerland,CHE,Military expenditure (% of general government expenditure),MS.MIL.XPND.ZS,,,,,,,,,,,,,,,,,,,,,,,,,,,,,5.375463934,5.342573166,5.521370201,5.067567568,4.727550432,4.090612902,3.983239472,4.055850082,3.780118309,3.603571631,3.526529021,3.18127978,3.111081872,3.050818632,2.732104201,2.717512033,2.627468717,2.572890663,2.468551692,2.438068676,2.412460666,2.306112531,2.187786726,2.209825896,2.113353489,2.189030914,1.972940924,2.006382056,2.04970046,2.051196644,2.056962447,2.17832238,2.329985865,2.020634364
Channel Islands,CHI,Military expenditure (% of general government expenditure),MS.MIL.XPND.ZS,,,,,,,,,,,,,,,,,,,,,,,,,,,,,,,,,,,,,,,,,,,,,,,,,,,,,,,,,,,,,,
Chile,CHL,Military expenditure (% of general government expenditure),MS.MIL.XPND.ZS,,,,,,,,,,,,,,,,,,,,,,,,,,,,,,,14.85286221,12.82107962,12.06296652,12.25623757,12.38323374,12.70578582,11.74370186,12.01875152,11.76057629,11.40736735,11.75607481,11.41891733,10.91109416,12.16551844,13.02994613,12.51791223,13.37992791,12.07348765,11.85645071,9.11489368,9.606218884,9.89077997,8.860672645,8.629797233,8.24692466,7.629963472,7.585385576,7.612369668,7.329944981,7.037395338,7.154098934,5.902207541
China,CHN,Military expenditure (% of general government expenditure),MS.MIL.XPND.ZS,,,,,,,,,,,,,,,,,,,,,,,,,,,,,,13.20633998,13.7473617,14.25364099,16.86762552,14.79610481,14.08838523,15.15792236,14.95275645,14.0949697,13.05825861,12.52067071,11.33874317,11.41989845,11.18912744,10.97382961,10.87979459,10.22876131,10.1873047,9.627736538,7.64650935,7.399288494,6.969115845,6.166181152,6.035395859,5.967633147,5.968248939,5.595446999,5.545028348,5.427230765,5.102149751,4.911951896,4.751713855,5.025497783
Cote d'Ivoire,CIV,Military expenditure (% of general government expenditure),MS.MIL.XPND.ZS,,,,,,,,,,,,,,,,,,,,,,,,,,,,,,,,,,,,,,,,,,,,,,,,,,,,,,,,,,,,,,
Cameroon,CMR,Military expenditure (% of general government expenditure),MS.MIL.XPND.ZS,,,,,,,,,,,,,,,,,,,,,,,,,,,,,,,,,,,,,,,,,8.008972866,7.778555575,8.500168328,8.986489424,8.774830581,9.205223203,9.835157072,9.222706857,7.890882191,8.392637821,8.483789095,6.364793507,6.852450872,6.065427448,5.50777898,5.475639678,5.67975907,5.920568463,5.993627302,5.703586031,5.812160978,5.538018548
"Congo, Dem. Rep.",COD,Military expenditure (% of general government expenditure),MS.MIL.XPND.ZS,,,,,,,,,,,,,,,,,,,,,,,,,,,,,,,,,,,,,16.05734767,12.66973533,3.471208435,12.16457236,8.87128834,,,9.586876183,17.93904711,15.82334252,15.66963652,12.59631706,6.927662342,5.262691131,5.349787359,6.608046984,8.259876318,8.989951164,5.139214251,7.518943013,7.36443336,7.417753249,5.607989145,5.449815123,6.268549886,4.330432664
"Congo, Rep.",COG,Military expenditure (% of general government expenditure),MS.MIL.XPND.ZS,,,,,,,,,,,,,,,,,,,,,,,,,,,,,,,,,11.68659539,11.09758717,,,,,,,,6.163423139,6.607581019,9.004176386,10.00518048,6.861640555,5.893043338,6.704608539,7.408298218,,7.229489022,,,4.822828389,8.114020485,,11.84026286,11.94801159,11.12787374,10.65003639,12.32295309,11.75939188
Colombia,COL,Military expenditure (% of general government expenditure),MS.MIL.XPND.ZS,,,,,,,,,,,,,,,,,,,,,,,,,,,,,10.86022221,8.877802811,9.100718692,8.977051731,9.748654756,10.80205327,10.20486047,10.67696609,14.84106535,8.958094533,10.93292276,11.14378757,11.48049229,12.16246802,12.2510464,12.44553183,13.0956163,13.03502074,11.58822134,11.66918009,13.14599258,12.573386,11.9831565,10.17785105,10.84814059,10.9081385,9.942863567,9.94316982,10.23926816,10.94148374,8.751924481,9.567413669,10.51859361,9.572258718
Comoros,COM,Military expenditure (% of general government expenditure),MS.MIL.XPND.ZS,,,,,,,,,,,,,,,,,,,,,,,,,,,,,,,,,,,,,,,,,,,,,,,,,,,,,,,,,,,,,,
Cabo Verde,CPV,Military expenditure (% of general government expenditure),MS.MIL.XPND.ZS,,,,,,,,,,,,,,,,,,,,,,,,,,,,,,,,,,,1.58766032,2.445150707,1.791622131,1.934569027,2.334527825,2.081909891,2.738343538,2.426661006,1.82692971,2.234084618,1.945736697,1.936060671,1.693699658,1.778469405,1.987630991,1.468904158,1.264213184,1.572052402,1.60227033,1.566938972,1.773926341,1.777506161,2.064144569,1.681427264,1.764411381,1.571161479,1.856369947,1.530094388
Costa Rica,CRI,Military expenditure (% of general government expenditure),MS.MIL.XPND.ZS,,,,,,,,,,,,,,,,,,,,,,,,,,,,,,,,,,,,,,,,,,,,,,,,,,,,,,,,,,,,,,
Caribbean small states,CSS,Military expenditure (% of general government expenditure),MS.MIL.XPND.ZS,,,,,,,,,,,,,,,,,,,,,,,,,,,,,,,,,,,,,,,,,,,,,,,,,,,,,,,,,,,,,,
Cuba,CUB,Military expenditure (% of general government expenditure),MS.MIL.XPND.ZS,,,,,,,,,,,,,,,,,,,,,,,,,,,,,,,,,,,,,,,,,,,,,,,,,,,,,,,,,,,,,,
Curacao,CUW,Military expenditure (% of general government expenditure),MS.MIL.XPND.ZS,,,,,,,,,,,,,,,,,,,,,,,,,,,,,,,,,,,,,,,,,,,,,,,,,,,,,,,,,,,,,,
Cayman Islands,CYM,Military expenditure (% of general government expenditure),MS.MIL.XPND.ZS,,,,,,,,,,,,,,,,,,,,,,,,,,,,,,,,,,,,,,,,,,,,,,,,,,,,,,,,,,,,,,
Cyprus,CYP,Military expenditure (% of general government expenditure),MS.MIL.XPND.ZS,,,,,,,,,,,,,,,,,,,,,,,,,,,,,,,,,,,,9.892933619,13.78910776,16.36998255,13.7399679,8.053892216,8.070175439,8.827856793,5.691788526,4.915188897,5.06163616,5.133435322,4.856230032,4.484645789,4.264280798,4.337210789,4.443622921,4.130460802,3.950042855,3.817116524,3.826475596,4.187818697,3.765651438,4.313651138,4.141973299,4.679096045,4.364515797,4.121303447
Czechia,CZE,Military expenditure (% of general government expenditure),MS.MIL.XPND.ZS,,,,,,,,,,,,,,,,,,,,,,,,,,,,,,,,,,,,3.367353987,4.016530166,3.812318607,4.167724935,4.494557553,4.582790874,4.026576164,4.07109168,3.835563792,4.026963464,4.198327421,3.781515533,3.520664091,3.015693656,2.954555043,2.73841922,2.495705138,2.379887504,2.380022593,2.266966481,2.257307132,2.505918274,2.454215801,2.681265189,2.806962495,2.812311078,3.013504654
Germany,DEU,Military expenditure (% of general government expenditure),MS.MIL.XPND.ZS,,,,,,,,,,,,,,,,,,,,,,,,,,,,,,,,4.28314904,3.916371898,3.506704286,3.212516787,2.718562841,2.973806427,2.910476815,2.894418078,2.901207485,2.855336154,2.800498365,2.788099485,2.736806659,2.721649058,2.275975098,2.651254799,2.701689056,2.735401622,2.719076812,2.631457607,2.666207888,2.764321268,2.637165623,2.595628711,2.576597651,2.5920133,2.60660284,2.634688739,2.801149678,2.726543705,2.515903658
Djibouti,DJI,Military expenditure (% of general government expenditure),MS.MIL.XPND.ZS,,,,,,,,,,,,,,,,,,,,,,,,,,,,,,,16.22224178,17.6706199,14.36193223,13.43930284,14.38094485,15.68639141,14.93626645,15.04591251,15.39759271,14.99102277,14.36219103,15.32119808,16.9727432,18.33074016,14.95281425,17.18366643,19.22026865,10.90962441,9.107965302,,,,,,,,,,,,,
Dominica,DMA,Military expenditure (% of general government expenditure),MS.MIL.XPND.ZS,,,,,,,,,,,,,,,,,,,,,,,,,,,,,,,,,,,,,,,,,,,,,,,,,,,,,,,,,,,,,,
Denmark,DNK,Military expenditure (% of general government expenditure),MS.MIL.XPND.ZS,,,,,,,,,,,,,,,,,,,,,,,,,,,,,3.64210384,3.519203169,3.488035733,3.465595484,3.29377876,3.158768534,2.936257422,2.87960014,2.835966829,2.890419681,2.902823674,2.869541328,2.766243222,2.900180632,2.834105742,2.734654791,2.686367446,2.559426688,2.764396981,2.636034502,2.687926355,2.38816149,2.467870332,2.327745937,2.332535395,2.198573462,2.081348942,2.038316716,2.186866326,2.251718716,2.527363603,2.647535942,2.601044826,2.560620229
Dominican Republic,DOM,Military expenditure (% of general government expenditure),MS.MIL.XPND.ZS,,,,,,,,,,,,,,,,,,,,,,,,,,,,,,,,,,,,,,5.641651574,5.864225856,5.789929839,7.085468441,7.712845074,6.683058376,4.018959011,4.026400576,5.061802136,4.229254054,3.856830449,3.827371373,4.107899999,4.225192533,3.780833111,3.246661528,3.458436363,3.832026428,3.858697685,3.73520985,3.903296398,4.244164642,4.156315643,3.377874652,3.399302324
Algeria,DZA,Military expenditure (% of general government expenditure),MS.MIL.XPND.ZS,,,,,,,,,,,,,,,,,,,,,,,,,,,,,,,5.682615406,4.356299295,7.450020083,7.63411561,10.1321729,9.98956008,10.97405635,11.9647987,12.81751755,11.75622631,12.01709161,12.22570604,10.79421093,10.09628972,10.67413622,10.45512375,9.162891039,8.795526173,7.970411241,9.034169239,9.444183266,10.78104657,10.24518668,13.38797247,13.66434483,13.68705193,15.32439766,15.35567508,14.46309979,15.88871185,17.39242665,15.23946779
East Asia & Pacific (excluding high income),EAP,Military expenditure (% of general government expenditure),MS.MIL.XPND.ZS,,,,,,,,,,,,,,,,,,,,,,,,,,,,,,,12.71900818,13.38853739,15.3859475,12.84044754,12.63030718,13.65013938,13.36877755,12.53364381,11.90302562,11.28107856,10.42817209,10.43620356,10.17039305,10.08183552,9.916396511,9.395101587,9.315164205,8.982685114,7.357057684,7.122131807,6.694064332,6.058273114,5.990979806,6.003489733,5.982709846,5.723477132,5.665938003,5.563246664,5.153632401,4.935500179,4.800033074,4.98370609
Early-demographic dividend,EAR,Military expenditure (% of general government expenditure),MS.MIL.XPND.ZS,,,,,,,,,,,,,,,,,,,,,,,,,,,,,,,,,,12.05320426,11.40526392,11.79718863,11.42684082,12.16809549,13.82182748,12.33999473,11.1907688,10.80633559,10.263759,10.0984848,10.24312398,10.60044414,10.40484765,9.760998612,9.131330282,9.592883914,9.446939607,8.95871805,9.757869425,9.911115765,10.57230806,11.48188303,10.16553286,10.67653328,10.1450308,9.562369004,9.257889876,8.884944737
East Asia & Pacific,EAS,Military expenditure (% of general government expenditure),MS.MIL.XPND.ZS,,,,,,,,,,,,,,,,,,,,,,,,,,,,,4.194540143,5.015154529,5.423639669,5.300737708,5.435934486,5.013861337,4.912718627,5.830698245,6.133738572,6.261990465,5.70540383,5.643762451,5.263846159,5.611891609,5.781394029,5.670275728,5.688165935,5.884049265,6.200570126,6.422836711,5.748163371,5.470072254,5.493608595,5.248346617,5.223988617,5.435374069,5.577585034,5.54420408,5.44283109,5.453256127,5.236523842,5.065874273,4.752432436,4.985574112
Europe & Central Asia (excluding high income),ECA,Military expenditure (% of general government expenditure),MS.MIL.XPND.ZS,,,,,,,,,,,,,,,,,,,,,,,,,,,,,,,,,,,,,,,,,9.529978754,10.28562947,10.18512727,9.980830723,9.76476059,9.919192135,9.851326333,8.961712507,8.705059236,8.776607963,8.736973692,8.913260551,9.207084889,9.402086303,9.848383704,10.86425016,11.06577701,9.905076998,9.921241195,10.23179943,9.361394688,9.326845396
Europe & Central Asia,ECS,Military expenditure (% of general government expenditure),MS.MIL.XPND.ZS,,,,,,,,,,,,,,,,,,,,,,,,,,,,,6.171469999,5.997707769,5.638618741,5.232085023,4.785969609,4.469634579,4.34935303,3.983524238,4.046947425,4.142512245,4.178034634,4.183160366,4.341886653,4.327794858,4.316944196,4.250649162,4.245456396,4.172338506,4.246177679,4.192871945,4.131046341,3.981701969,3.94469523,3.965515421,4.07436674,4.042209699,3.97261349,3.937935836,3.995670506,3.942092611,3.951875444,4.094700044,3.815606491,3.781986448
Ecuador,ECU,Military expenditure (% of general government expenditure),MS.MIL.XPND.ZS,,,,,,,,,,,,,,,,,,,,,,,,,,,,,,,,,,,,9.844559585,8.013004399,8.789853796,9.697933227,6.494076349,6.254408653,7.76228017,8.196721311,11.21906786,9.475510476,10.74324324,9.568896052,10.64607883,7.563990625,9.456574478,8.680512374,7.841802493,7.31699158,6.575395967,6.283585893,6.592999645,6.521017125,6.467344205,6.294814815,5.961274585,6.641955125,6.512893751
"Egypt, Arab Rep.",EGY,Military expenditure (% of general government expenditure),MS.MIL.XPND.ZS,,,,,,,,,,,,,,,,,,,,,,,,,,,,,,,,,,,,,,,,9.789060844,9.815386602,10.7155092,10.60178083,10.37041443,9.554096611,8.954877317,7.545411186,7.612186295,6.671410099,6.249267051,6.228021888,6.013473778,5.344905377,4.650594104,4.73653318,5.227304324,5.091340831,4.417651088,4.151733719,4.175729777,4.506987641,4.759475719
Euro area,EMU,Military expenditure (% of general government expenditure),MS.MIL.XPND.ZS,,,,,,,,,,,,,,,,,,,,,,,,,,,,,5.068328004,4.920161135,4.591265779,4.361382673,4.073361999,3.849562133,3.759348369,3.435030942,3.544783277,3.551668104,3.511468263,3.534250418,3.520790529,3.424540567,3.36940127,3.346775004,3.355815735,3.174712735,3.21265687,3.164872016,3.149258706,3.074662001,2.947062184,2.888362564,2.848240937,2.759769733,2.705866891,2.709133827,2.792135231,2.833599543,2.85558322,2.913989753,2.811635969,2.768640043
Eritrea,ERI,Military expenditure (% of general government expenditure),MS.MIL.XPND.ZS,,,,,,,,,,,,,,,,,,,,,,,,,,,,,,,,,,41.00380228,32.61710037,31.09362389,38.29509494,25.48011249,47.72491989,41.88476746,44.03411345,32.0612766,33.04648241,31.13802051,,,,,,,,,,,,,,,,,,
Spain,ESP,Military expenditure (% of general government expenditure),MS.MIL.XPND.ZS,,,,,,,,,,,,,,,,,,,,,,,,,,,,,6.148968294,5.620547049,5.328566116,4.765014436,4.442029583,4.116269971,4.240081612,4.220688365,4.101636779,4.031498293,4.075485704,4.385787741,4.401431994,4.242247673,3.768306705,3.706938945,3.684463735,3.604830506,3.564408401,3.472430389,3.300032839,2.938210395,3.013786539,2.885682803,2.925944013,2.777016523,2.780629228,2.895427117,2.68068233,2.987239617,3.010268525,2.933186357,2.607978663,2.704390372
Estonia,EST,Military expenditure (% of general government expenditure),MS.MIL.XPND.ZS,,,,,,,,,,,,,,,,,,,,,,,,,,,,,,,,,,,,2.352473498,2.241912799,2.872405372,2.715365239,3.148249204,3.784759358,4.289807614,4.618674269,4.954308094,4.954954955,4.300209639,4.149819824,4.912753161,4.47946957,3.923465091,4.222022664,4.486460503,4.835039818,4.96834572,5.098401796,5.125689761,5.25210084,5.123542625,5.119889937,5.198720877,5.149583129,4.846575137
Ethiopia,ETH,Military expenditure (% of general government expenditure),MS.MIL.XPND.ZS,,,,,,,,,,,,,,,,,,,,,,,,,,,,,26.01164929,28.22313329,30.77163416,22.58403795,17.01783591,15.69745162,11.45475049,9.008002867,7.879144595,15.09833283,28.80473164,36.16539407,29.53037709,19.2335197,14.84201691,11.9771103,13.27337418,12.06454501,10.27121191,9.079661446,7.943088564,6.923529615,6.133034275,5.983661558,5.215927084,4.541704292,4.395003019,4.071486697,3.816043832,3.754497085,4.011659914,3.777489984,3.605479239,3.784981641
European Union,EUU,Military expenditure (% of general government expenditure),MS.MIL.XPND.ZS,,,,,,,,,,,,,,,,,,,,,,,,,,,,,4.933600357,4.795922884,4.546822654,4.319928467,4.026021626,3.817101176,3.730546787,3.471294887,3.537370895,3.597923246,3.558871633,3.571273263,3.553003918,3.467881059,3.398758216,3.364802122,3.358612159,3.206609916,3.229929457,3.191394054,3.143748563,3.053634349,2.942109827,2.879098619,2.844683463,2.761281076,2.725327533,2.746480908,2.814586974,2.863890206,2.914805172,2.995105205,2.892181184,2.866455999
Fragile and conflict affected situations,FCS,Military expenditure (% of general government expenditure),MS.MIL.XPND.ZS,,,,,,,,,,,,,,,,,,,,,,,,,,,,,,,,,,,,,,,,,,,,11.51525534,9.601966011,11.77669275,10.61825345,7.677974967,7.38239642,,,,,10.32298754,,16.26859063,15.08371319,14.77055375,11.01140238,9.675865071,7.589419141,7.129602974
Finland,FIN,Military expenditure (% of general government expenditure),MS.MIL.XPND.ZS,,,,,,,,,,,,,,,,,,,,,,,,,,,,,3.15285703,3.170379948,3.215111256,3.088826989,3.033359193,2.847758674,2.736397815,2.372089875,2.61878416,2.794949362,2.848963219,2.450551706,2.642334854,2.472701708,2.430583158,2.993634679,3.045662778,2.977544172,2.988710315,2.758349017,2.905336739,2.885394429,2.767287723,2.775764535,2.753552972,2.699350571,2.53493553,2.565776807,2.551138429,2.51946447,2.55195305,2.534535192,2.664190193,3.548831985
Fiji,FJI,Military expenditure (% of general government expenditure),MS.MIL.XPND.ZS,,,,,,,,,,,,,,,,,,,,,,,,,,,,,,,,,6.944024206,7.027027027,7.011379801,7.021582734,5.398126464,4.690451207,4.701570681,4.885416667,7.067357513,6.91026827,5.652173913,5.75732899,6.609616952,5.673151751,6.477508651,8.793352601,6.210909091,6.296296296,5.969135802,5.879180151,5.397148676,5.107398568,5.294486122,3.055214592,4.033687346,4.77852239,4.496756805,4.779998594,4.839066687,4.032223144
France,FRA,Military expenditure (% of general government expenditure),MS.MIL.XPND.ZS,,,,,,,,,,,,,,,,,,,,,,,,,,,,,5.877780443,5.849116773,5.622724773,5.511945174,5.142676023,4.898759129,4.896963771,4.572606792,4.422954445,4.379563304,4.227793239,4.159166823,4.036642476,3.92645352,3.875838638,3.93403525,3.971608164,3.797244533,3.735360197,3.628858983,3.559488328,3.671180073,3.462302302,3.360069663,3.276431365,3.232476943,3.256151266,3.296370272,3.382294504,3.377921154,3.312110004,3.317798638,3.252439945,3.207239551
Faroe Islands,FRO,Military expenditure (% of general government expenditure),MS.MIL.XPND.ZS,,,,,,,,,,,,,,,,,,,,,,,,,,,,,,,,,,,,,,,,,,,,,,,,,,,,,,,,,,,,,,
"Micronesia, Fed. Sts.",FSM,Military expenditure (% of general government expenditure),MS.MIL.XPND.ZS,,,,,,,,,,,,,,,,,,,,,,,,,,,,,,,,,,,,,,,,,,,,,,,,,,,,,,,,,,,,,,
Gabon,GAB,Military expenditure (% of general government expenditure),MS.MIL.XPND.ZS,,,,,,,,,,,,,,,,,,,,,,,,,,,,,,,,,,,,,,,,,8.334636956,6.445394326,6.932379886,7.851054284,7.728101763,6.012631351,6.068745249,,,,8.105519122,6.726676122,6.76339593,4.626005385,4.819175542,5.325159858,6.625609551,10.00005095,9.069582194,9.086361104,8.682163085,8.808852091
United Kingdom,GBR,Military expenditure (% of general government expenditure),MS.MIL.XPND.ZS,,,,,,,,,,,,,,,,,,,,,,,,,,,,,11.32811195,11.05960192,10.47063821,10.55677006,9.378521678,8.71781193,8.284474697,7.571204476,7.626745157,7.349958807,7.255069155,7.125875721,6.961084294,6.919455375,6.915585562,6.864523315,6.562771829,6.313466487,6.183276325,6.163136273,6.088672883,5.950584628,5.759944594,5.738434006,5.539993915,5.464937242,5.305438675,5.076499554,5.008488563,4.957514517,4.996258501,5.169380747,4.562917136,4.657450509
Georgia,GEO,Military expenditure (% of general government expenditure),MS.MIL.XPND.ZS,,,,,,,,,,,,,,,,,,,,,,,,,,,,,,,,,,,,,11.69630643,5.565302144,5.850409836,4.548611111,3.539486204,4.280762565,6.089795918,6.462316384,7.088760504,15.02877614,22.40348692,32.21858828,26.08249077,15.65595404,11.80373287,11.16504506,10.50007847,9.483862106,8.408425328,7.289008043,7.336516522,7.138157895,6.97814433,6.137336045,5.238207408,5.242639922
Ghana,GHA,Military expenditure (% of general government expenditure),MS.MIL.XPND.ZS,,,,,,,,,,,,,,,,,,,,,,,,,,,,,2.3015,2.261481481,2.648823529,3.310869565,2.563521127,2.333333333,2.217607362,2.410778689,2.149230769,2.233764988,2.629940594,2.782746479,3.440062035,1.789498069,2.278382582,2.336708861,1.884386617,1.888347939,1.704452358,2.058913917,1.663369761,1.926343775,1.42196982,2.228661298,2.699260184,1.856264203,2.313195071,2.109775008,1.465065592,1.778497598,1.559573511,1.664083838,1.273351971,1.371131061
Gibraltar,GIB,Military expenditure (% of general government expenditure),MS.MIL.XPND.ZS,,,,,,,,,,,,,,,,,,,,,,,,,,,,,,,,,,,,,,,,,,,,,,,,,,,,,,,,,,,,,,
Guinea,GIN,Military expenditure (% of general government expenditure),MS.MIL.XPND.ZS,,,,,,,,,,,,,,,,,,,,,,,,,,,,,,,,10.50059296,8.783118217,7.246176779,7.717099404,,,6.690703639,8.496461841,9.90163002,8.992161254,15.36141063,16.74513609,11.96876082,12.41676058,,,,,,,,11.40961986,12.60595011,11.10222583,11.60151112,11.66324198,10.17482501,10.41625503,9.835496431,8.632946686,8.105508513
"Gambia, The",GMB,Military expenditure (% of general government expenditure),MS.MIL.XPND.ZS,,,,,,,,,,,,,,,,,,,,,,,,,,,,,,,,,,,,,,,,,3.45247766,2.52956636,2.964426877,2.548055431,1.622377622,2.243556023,1.885245902,3.174291328,9.512987013,3.408763072,,,4.129983867,4.392138402,6.255646817,5.153021188,,,3.299265715,3.358950445,3.246168591,2.667397887
Guinea-Bissau,GNB,Military expenditure (% of general government expenditure),MS.MIL.XPND.ZS,,,,,,,,,,,,,,,,,,,,,,,,,,,,,,,,,,,1.082602577,1.965107362,2.294056309,2.044315992,5.628289474,,10.38344427,7.863190035,9.745110965,7.977176716,,9.394661022,,,,7.522893242,9.832987564,8.756951433,17.98782944,15.76263465,8.2486363,6.878063098,6.163821579,7.226373712,7.007143409,8.10578249,6.299604992,7.08650227
Equatorial Guinea,GNQ,Military expenditure (% of general government expenditure),MS.MIL.XPND.ZS,,,,,,,,,,,,,,,,,,,,,,,,,,,,,,,,,,,0.389613454,1.445647517,,,,,,,,,,,,7.627762406,7.451525608,6.21105689,,,,,2.424774279,2.505201941,4.455634151,5.625105497,5.901191986,7.786322463,10.15013214,8.116464651
Greece,GRC,Military expenditure (% of general government expenditure),MS.MIL.XPND.ZS,,,,,,,,,,,,,,,,,,,,,,,,,,,,,10.81018038,9.42776576,8.591844997,8.623751217,8.565759446,8.117594319,8.448840517,6.638230279,7.015456816,7.3100367,7.398161082,7.28097621,7.464308044,7.070426359,6.719609939,5.352648311,5.472424298,6.225847672,6.169372889,5.692243079,5.866906153,5.962605765,5.193276603,4.575956596,4.550765611,4.552817684,4.636815588,4.81475735,5.150325897,5.285862483,5.60109321,5.577085473,4.621093944,6.53186872
Grenada,GRD,Military expenditure (% of general government expenditure),MS.MIL.XPND.ZS,,,,,,,,,,,,,,,,,,,,,,,,,,,,,,,,,,,,,,,,,,,,,,,,,,,,,,,,,,,,,,
Greenland,GRL,Military expenditure (% of general government expenditure),MS.MIL.XPND.ZS,,,,,,,,,,,,,,,,,,,,,,,,,,,,,,,,,,,,,,,,,,,,,,,,,,,,,,,,,,,,,,
Guatemala,GTM,Military expenditure (% of general government expenditure),MS.MIL.XPND.ZS,,,,,,,,,,,,,,,,,,,,,,,,,,,,,,,,,,,,11.53824352,9.505635537,6.956936968,5.761422955,4.880392994,6.412349555,7.250433723,5.49531964,5.390954316,3.574504737,2.798245614,2.943269773,2.790112889,3.119068269,2.752522364,2.827735869,2.872493506,3.177151121,3.367656902,3.123366053,3.226695163,3.50554851,3.0040877,2.824607006,3.199684353,2.829603652,2.955731641
Guam,GUM,Military expenditure (% of general government expenditure),MS.MIL.XPND.ZS,,,,,,,,,,,,,,,,,,,,,,,,,,,,,,,,,,,,,,,,,,,,,,,,,,,,,,,,,,,,,,
Guyana,GUY,Military expenditure (% of general government expenditure),MS.MIL.XPND.ZS,,,,,,,,,,,,,,,,,,,,,,,,,,,,,,,,,,,,,,,,,3.675305342,3.978423114,4.632872235,4.368684432,5.646613833,3.810141837,3.483191943,4.407672648,5.076618964,4.670737283,4.447818264,4.106142823,3.752052635,3.910239627,4.089110024,4.957651658,4.55963569,4.738402693,4.641462497,4.581560423,4.567800433,3.575187779
High income,HIC,Military expenditure (% of general government expenditure),MS.MIL.XPND.ZS,,,,,,,,,,,,,,,,,,,,,,,,,,,,,,,,,,,,4.528046682,4.586618405,,,,,6.363809333,6.544575634,6.626346568,6.721551933,6.773059259,6.83324191,6.697567337,6.571325638,6.458282428,6.661898877,6.521021513,6.500765123,6.377672851,6.259364012,6.489285463,6.168610537,6.216087334,6.15107099,6.23234484,5.531210535,5.570276627
"Hong Kong SAR, China",HKG,Military expenditure (% of general government expenditure),MS.MIL.XPND.ZS,,,,,,,,,,,,,,,,,,,,,,,,,,,,,,,,,,,,,,,,,,,,,,,,,,,,,,,,,,,,,,
Honduras,HND,Military expenditure (% of general government expenditure),MS.MIL.XPND.ZS,,,,,,,,,,,,,,,,,,,,,,,,,,,,,,,8.308248043,5.438066465,,3.452036794,,,,,,,3.303067589,3.281786942,3.01836664,3.775388608,2.67264574,2.717025494,2.83857634,3.174033343,3.612305561,3.791364881,4.060176008,4.365986269,4.348228105,5.414311627,5.60333694,6.422583176,6.079427965,6.410614812,6.121537562,6.312869822,5.271722893,5.710355584
Heavily indebted poor countries (HIPC),HPC,Military expenditure (% of general government expenditure),MS.MIL.XPND.ZS,,,,,,,,,,,,,,,,,,,,,,,,,,,,,,,,,,,,,,,,,11.37180169,9.403570738,9.222026685,8.113528141,9.470341133,7.710687785,8.51569405,9.14812457,9.238159415,9.762386179,,,5.567063085,5.502854369,5.357268378,8.887907687,9.916842005,10.7839868,6.271467295,6.116653732,6.028429475,5.548274263
Croatia,HRV,Military expenditure (% of general government expenditure),MS.MIL.XPND.ZS,,,,,,,,,,,,,,,,,,,,,,,,,,,,,,,,,19.89371981,28.9576412,23.85323121,21.14459486,18.16225908,16.87064775,11.41340136,8.683773176,6.415816926,5.909024409,5.393897507,4.086585963,3.598159434,3.752456571,3.621729794,3.569797006,4.023224946,3.690317872,3.498947553,3.623771964,3.499492818,3.415969515,3.785631568,3.666287347,3.420302039,3.676735635,3.416859057,3.496308164,3.253090436,5.04380373
Haiti,HTI,Military expenditure (% of general government expenditure),MS.MIL.XPND.ZS,,,,,,,,,,,,,,,,,,,,,,,,,,,,,,,,,,,,,,,,,,,,,,,,,,,,,,0.220036305,0.245626284,0.409519142,0.452837112,0.497758169,0.790438878,0.877539794,1.765921839,1.123201671
Hungary,HUN,Military expenditure (% of general government expenditure),MS.MIL.XPND.ZS,,,,,,,,,,,,,,,,,,,,,,,,,,,,,,,,,,,,2.392205403,2.467860359,2.978356057,2.505704446,2.943909604,3.214849677,3.333506824,3.137374267,3.356333438,3.040798314,2.862184203,2.379132125,2.551276389,2.439159108,2.245520802,2.093685952,2.113896893,2.089954331,1.884475984,1.714048468,1.79580673,2.141194369,2.208022948,2.433307391,2.743450204,3.462026199,3.209910913
IBRD only,IBD,Military expenditure (% of general government expenditure),MS.MIL.XPND.ZS,,,,,,,,,,,,,,,,,,,,,,,,,,,,,,,,,,,,,8.57748365,8.187216758,7.948319959,8.293493299,8.168159776,8.360632523,8.244438013,8.051461056,8.044671816,7.833205236,7.70046638,7.423066184,6.761961664,6.964492987,6.652605045,6.364968361,6.50689222,6.46835048,6.460775767,6.34329609,6.363074535,6.271000337,5.926237862,5.855978711,5.616557192,5.678246958
IDA & IBRD total,IBT,Military expenditure (% of general government expenditure),MS.MIL.XPND.ZS,,,,,,,,,,,,,,,,,,,,,,,,,,,,,,,,,,,,,8.91261124,8.509696049,8.276758047,8.614199766,8.442013905,8.591264421,8.465791032,8.31346137,8.324044995,8.186314842,8.007323062,7.556025733,6.904776939,7.122734235,6.821980067,6.506590225,6.749271448,6.695365379,6.712130367,6.710225982,6.727964615,6.595385094,6.160590272,6.019521004,5.740319269,5.80200375
IDA total,IDA,Military expenditure (% of general government expenditure),MS.MIL.XPND.ZS,,,,,,,,,,,,,,,,,,,,,,,,,,,,,,,,,,,,,15.01086015,14.82151146,15.80326023,15.1505992,13.9609307,13.32169572,12.88624378,13.33818873,13.22798406,14.8987258,14.01474638,9.968322817,9.569710917,10.26336289,10.34137933,10.4321562,13.06484355,12.44079484,12.86431264,14.85962117,14.50846657,13.97072127,11.5875102,9.991051457,8.542273031,8.900247397
IDA blend,IDB,Military expenditure (% of general government expenditure),MS.MIL.XPND.ZS,,,,,,,,,,,,,,,,,,,,,,,,,,,,,,,,,,18.19564336,15.48881536,15.43963746,14.39287742,15.15966631,16.67317339,13.6755826,12.6095568,12.80336421,13.07023911,14.73978193,13.23585472,19.86686362,16.88655953,7.769503756,7.583253486,8.476223906,10.83917343,13.33963299,17.58744031,17.08257659,18.20615866,20.32328701,19.33694075,17.75149972,16.28422268,13.72568872,9.66070214,11.29498144
Indonesia,IDN,Military expenditure (% of general government expenditure),MS.MIL.XPND.ZS,,,,,,,,,,,,,,,,,,,,,,,,,,,,,,,,,,7.185353632,7.748692273,8.523856859,9.093321414,8.128694714,5.593688139,4.432297577,4.112527005,2.699516343,3.802433339,4.59959013,4.875839406,3.959025799,3.561512898,3.803446063,2.985179777,3.35440332,3.657325749,3.690922895,3.777643146,4.815055577,4.18061339,5.04782341,4.708932675,5.223835618,4.322842782,4.447142324,4.864064357,3.879316176
IDA only,IDX,Military expenditure (% of general government expenditure),MS.MIL.XPND.ZS,,,,,,,,,,,,,,,,,,,,,,,,,,,,,,,,,,,,,,,,,14.7575912,13.59909611,12.78914703,12.63658941,13.22383638,12.14034915,11.8230361,11.98624576,11.35455228,11.65312399,9.903119525,,7.740999093,7.448465119,7.413336826,10.48036118,11.08306016,11.49575606,7.402832273,7.264516386,7.589025783,7.140039359
Isle of Man,IMN,Military expenditure (% of general government expenditure),MS.MIL.XPND.ZS,,,,,,,,,,,,,,,,,,,,,,,,,,,,,,,,,,,,,,,,,,,,,,,,,,,,,,,,,,,,,,
India,IND,Military expenditure (% of general government expenditure),MS.MIL.XPND.ZS,,,,,,,,,,,,,,,,,,,,,,,,,,,,,14.77827337,13.56620071,12.40058387,10.85751596,10.31229972,10.96859705,10.34573638,10.50325183,10.32728064,10.67790153,10.65950762,11.64056382,11.50305704,10.52395153,9.879555899,9.100118151,10.11742908,10.42312827,9.478415923,8.851182208,8.888781442,10.3147376,9.864230324,9.592767418,9.272621064,9.295983197,9.50479049,8.830488016,9.079497386,9.389757969,9.102595967,9.13684004,8.793986887,8.271418896
Not classified,INX,Military expenditure (% of general government expenditure),MS.MIL.XPND.ZS,,,,,,,,,,,,,,,,,,,,,,,,,,,,,,,,,,,,,,,,,,,,,,,,,,,,,,,,,,,,,,
Ireland,IRL,Military expenditure (% of general government expenditure),MS.MIL.XPND.ZS,,,,,,,,,,,,,,,,,,,,,,,,,,,,,2.463022089,2.582144042,2.738738739,2.751116071,2.594388281,2.584603007,2.537257121,2.485138336,2.539412015,2.53179556,2.383266731,2.285714286,2.273481079,2.184317719,1.927721621,1.798452221,1.73026303,1.637149259,1.528930281,1.427473091,1.388410639,1.282515951,0.885683249,1.152566598,1.207381795,1.236918006,1.227437809,1.177379643,1.19477607,1.168316325,1.129807403,1.141626465,0.972039346,0.984127276
"Iran, Islamic Rep.",IRN,Military expenditure (% of general government expenditure),MS.MIL.XPND.ZS,,,,,,,,,,,,,,,,,,,,,,,,,,,,,,,14.47850544,12.48761855,9.896932844,5.139502994,7.598895634,8.498503896,10.64925169,11.86799289,12.94323803,12.56841276,14.03699201,14.57376398,11.10465984,12.12576823,14.89580341,13.61254211,14.32067769,15.25308319,12.9836313,15.69067088,15.9675404,13.0100181,19.32328929,15.61127452,14.80313814,15.54910412,15.40650448,16.04870973,13.9188138,13.91532982,13.00471134,12.95550689
Iraq,IRQ,Military expenditure (% of general government expenditure),MS.MIL.XPND.ZS,,,,,,,,,,,,,,,,,,,,,,,,,,,,,,,,,,,,,,,,,,,,,1.832230274,3.548089364,3.770341521,4.856482408,4.135517367,4.919460349,5.465119385,5.311237003,4.428775028,6.87233319,6.739210896,12.45384325,8.379146625,11.01286502,8.840581421,9.342544444,7.600471851,5.368369908
Iceland,ISL,Military expenditure (% of general government expenditure),MS.MIL.XPND.ZS,,,,,,,,,,,,,,,,,,,,,,,,,,,,,,,,,,,,,,,,,,,,,,,,,,,,,,,,,,,,,,
Israel,ISR,Military expenditure (% of general government expenditure),MS.MIL.XPND.ZS,,,,,,,,,,,,,,,,,,,,,,,,,,,,,,,,,,,,,,,,,14.07034895,13.69384684,12.80284666,13.82919415,14.29180211,14.32609497,14.08994317,15.379277,15.20560481,14.60601842,14.69339546,14.48812899,13.94814245,13.71159995,14.69445499,14.49431023,14.41182482,14.1913857,13.52432797,13.12633434,11.60518645,12.1376624
Italy,ITA,Military expenditure (% of general government expenditure),MS.MIL.XPND.ZS,,,,,,,,,,,,,,,,,,,,,,,,,,,,,4.02248335,3.830164395,3.290179358,3.17938658,3.003952645,3.010930157,3.030154634,2.834242853,3.076880027,3.279301812,3.405309659,3.555414674,3.734576042,3.53321887,3.64144216,3.61236604,3.579569416,3.388882543,3.183152469,3.093073155,3.210450732,3.040858401,3.005330178,3.001472681,2.820564055,2.745788412,2.522775412,2.401226998,2.719801986,2.783633036,2.809112036,2.705296997,2.681482194,2.641425592
Jamaica,JAM,Military expenditure (% of general government expenditure),MS.MIL.XPND.ZS,,,,,,,,,,,,,,,,,,,,,,,,,,,,,,,3.137016512,2.96819788,5.315167272,3.704620462,2.844455053,2.267032786,1.98748911,2.248087141,1.866951869,1.711616544,1.797361627,1.723091961,1.837680531,1.744100234,1.656684521,1.756226236,1.90467075,2.014852383,2.699706158,2.394301449,2.592130782,2.846919086,3.059333198,3.257266244,3.208053272,3.142526914,3.340448907,3.341508921,4.469117445,5.629769146,5.128248026,4.747752365
Jordan,JOR,Military expenditure (% of general government expenditure),MS.MIL.XPND.ZS,,,,,,,,,,,,,,,,,,,,,,,,,,,,,21.03250478,21.19460501,17.51227496,22.08083832,19.18649271,18.8718663,18.7007874,12.33118027,16.32653061,17.73648649,17.45166088,18.63449692,18.31625183,17.78937381,15.92082616,16.06666667,13.6259417,12.33429395,12.812983,16.04911204,17.65244461,18.50589995,17.92997244,15.15390792,12.63991297,12.48053528,11.81456811,12.80259044,15.60815008,16.24439726,15.01079914,15.06526052,14.90250128,14.76263253
Japan,JPN,Military expenditure (% of general government expenditure),MS.MIL.XPND.ZS,,,,,,,,,,,,,,,,,,,,,,,,,,,,,3.019653069,3.081249606,3.068641404,3.067417658,2.985262015,2.836239798,2.764298678,2.696417075,2.644164175,2.73328656,2.389846508,2.614180118,2.543027189,2.623120413,2.620430429,2.642476623,2.707279679,2.691682217,2.690848823,2.637325261,2.63153776,2.488960008,2.488605164,2.500242329,2.455804645,2.407986653,2.477693329,2.522051219,2.480498035,2.474598237,2.604031484,2.660164471,2.286994563,2.465679463
Kazakhstan,KAZ,Military expenditure (% of general government expenditure),MS.MIL.XPND.ZS,,,,,,,,,,,,,,,,,,,,,,,,,,,,,,,,,,,,,,,,,,,4.863493227,4.822863827,4.647747512,4.709270791,4.944474059,5.470996293,4.2657595,4.699728438,4.513845758,4.410460646,4.777772513,5.442497788,4.899721096,,4.339745567,3.453577769,4.433821324,5.041939573,3.695873207,3.907810889
Kenya,KEN,Military expenditure (% of general government expenditure),MS.MIL.XPND.ZS,,,,,,,,,,,,,,,,,,,,,,,,,,,,,10.01394104,8.979132062,8.862438014,7.623875338,5.885520939,5.330887148,4.975261756,5.409867293,6.21314023,5.755246938,5.433006579,5.790865828,6.273781279,6.821919391,6.85557066,6.938077229,7.131020807,7.033481434,6.809237806,7.005648529,7.079012882,6.749535842,6.422938937,6.539167028,6.89271931,6.150166836,4.909338938,4.84681876,4.877894917,4.932970984,4.954224161,4.601271852,4.481220261,4.153656248
Kyrgyz Republic,KGZ,Military expenditure (% of general government expenditure),MS.MIL.XPND.ZS,,,,,,,,,,,,,,,,,,,,,,,,,,,,,,,,,,,,4.727403925,5.410253921,5.660715967,4.427172054,5.160245468,6.230905661,5.17792795,5.502882346,6.043032294,5.915349734,5.554330523,5.718119476,4.523770508,4.264779903,4.403942117,4.341571993,3.731659072,4.01138602,4.25289677,4.449911058,4.600464774,4.360876637,4.257171233,4.649952238,4.461408527,4.917389807,4.3775461
Cambodia,KHM,Military expenditure (% of general government expenditure),MS.MIL.XPND.ZS,,,,,,,,,,,,,,,,,,,,,,,,,,,,,,,,,,,,,20.67331173,24.18726196,19.85744645,18.18055796,14.6882661,11.72829878,9.002562023,9.191189065,9.352853209,9.143657438,8.053352425,6.349889407,5.189205986,6.437015749,7.142812839,7.272737616,7.131896723,7.482968589,7.662884908,8.887382725,9.043795017,9.247469056,9.582828919,9.222484708,9.257190865,8.636472575
Kiribati,KIR,Military expenditure (% of general government expenditure),MS.MIL.XPND.ZS,,,,,,,,,,,,,,,,,,,,,,,,,,,,,,,,,,,,,,,,,,,,,,,,,,,,,,,,,,,,,,
St. Kitts and Nevis,KNA,Military expenditure (% of general government expenditure),MS.MIL.XPND.ZS,,,,,,,,,,,,,,,,,,,,,,,,,,,,,,,,,,,,,,,,,,,,,,,,,,,,,,,,,,,,,,
"Korea, Rep.",KOR,Military expenditure (% of general government expenditure),MS.MIL.XPND.ZS,,,,,,,,,,,,,,,,,,,,,,,,,,,,,,,,,,,,20.30608069,18.51358364,18.16395551,16.41662514,14.52650827,14.41778515,13.45963056,13.65655554,12.17343889,11.70677806,12.56149564,12.28354713,12.07364959,12.50409293,12.79445989,13.22032452,12.96776962,12.70843411,12.57494627,12.80488476,12.64042266,12.62125187,12.33071192,12.24968791,11.7888307,11.02701671,10.47049185
Kuwait,KWT,Military expenditure (% of general government expenditure),MS.MIL.XPND.ZS,,,,,,,,,,,,,,,,,,,,,,,,,,,,,,,52.56201708,57.47809762,34.99622071,20.2681388,22.65570734,24.88146308,23.1181515,18.5152947,16.91391051,16.89730517,19.55870764,17.92918299,17.67312448,17.6671085,16.97129027,15.44461191,11.10047847,11.93622449,7.441424555,9.414347894,8.39527027,8.964707299,8.795145682,8.576375989,8.097311671,9.204345508,10.96314012,10.91284818,10.32457938,10.36698733,9.788240698,11.98466799
Latin America & Caribbean (excluding high income),LAC,Military expenditure (% of general government expenditure),MS.MIL.XPND.ZS,,,,,,,,,,,,,,,,,,,,,,,,,,,,,,,,,,,,,4.912253038,4.308613639,4.38326534,4.314088431,4.626756994,4.754654252,4.475293013,3.872915236,3.991727968,3.947736484,3.71042596,3.895137635,3.841701646,4.17084779,3.926457101,3.720686296,3.762180016,3.732823381,3.611274782,3.56259822,3.491264322,3.678437462,3.736765535,3.734116185,3.641578602,3.780603191
Lao PDR,LAO,Military expenditure (% of general government expenditure),MS.MIL.XPND.ZS,,,,,,,,,,,,,,,,,,,,,,,,,,,,,,,,,,,,,,,,,3.849151675,3.583830115,3.513533827,3.068451782,3.196195451,2.559914035,2.331581125,2.066219358,1.70560686,1.080398832,0.913161952,1.050684714,0.806887635,0.783407633,,,,,,,,
Lebanon,LBN,Military expenditure (% of general government expenditure),MS.MIL.XPND.ZS,,,,,,,,,,,,,,,,,,,,,,,,,,,,,,,19.14428883,14.68077583,22.40358174,26.44850672,14.99043677,21.87238458,13.16649996,10.76625855,11.72774421,13.58413417,12.75486764,14.18419945,13.0974202,13.00989294,13.54789662,14.24897726,12.67942723,13.18711152,11.70065232,12.55632901,14.14676816,14.13489323,13.20633449,14.280222,16.36963117,16.82427806,18.01739632,15.05780747,15.63958963,15.21162363,15.71659962,
Liberia,LBR,Military expenditure (% of general government expenditure),MS.MIL.XPND.ZS,,,,,,,,,,,,,,,,,,,,,,,,,,,,,,,,,,,,,,,,,,,,,4.151376147,5.344628099,3.171138211,1.242241379,1.352209945,1.608472554,1.810887097,1.781321023,1.846593674,1.496188119,1.433037475,1.291361257,1.265004299,1.229078341,1.269577735,1.251309408,1.22459596,1.36128876
Libya,LBY,Military expenditure (% of general government expenditure),MS.MIL.XPND.ZS,,,,,,,,,,,,,,,,,,,,,,,,,,,,,,,,,,,,,,11.68725947,14.21351864,11.52520465,10.2677747,6.296813508,5.240134877,4.835924007,4.899972595,5.023896855,3.587782866,2.809203885,3.091836266,,,,8.197616251,7.40221413,10.90678778,,,,,,,
St. Lucia,LCA,Military expenditure (% of general government expenditure),MS.MIL.XPND.ZS,,,,,,,,,,,,,,,,,,,,,,,,,,,,,,,,,,,,,,,,,,,,,,,,,,,,,,,,,,,,,,
Latin America & Caribbean,LCN,Military expenditure (% of general government expenditure),MS.MIL.XPND.ZS,,,,,,,,,,,,,,,,,,,,,,,,,,,,,,,,,,,,,5.139280449,4.571119939,4.620118407,4.618908898,4.919365594,5.012713159,4.742935969,4.204265895,4.376289105,4.294764337,4.099773738,4.207807853,4.136175679,4.369019841,4.154918779,3.962312868,3.979242763,3.94769667,3.808143505,3.759553863,3.687020465,3.869323651,3.936744504,3.914801107,3.851219611,3.928255392
Least developed countries: UN classification,LDC,Military expenditure (% of general government expenditure),MS.MIL.XPND.ZS,,,,,,,,,,,,,,,,,,,,,,,,,,,,,,,,,,,,,,,12.93143841,14.26551579,13.4852369,11.15918826,10.6322925,9.635465299,11.16153228,10.16464713,10.75607756,10.02860145,9.253465564,10.72887548,,7.954588864,8.658739173,9.373477172,9.277288598,11.31093501,12.00974058,12.21380958,8.052574808,7.780384555,8.169811577,7.721259268
Low income,LIC,Military expenditure (% of general government expenditure),MS.MIL.XPND.ZS,,,,,,,,,,,,,,,,,,,,,,,,,,,,,,,,,,,,,,,,,15.49105721,,,9.887015991,12.59490454,23.32427064,23.98797238,12.4116394,12.64345774,,,,,26.77409846,26.27705808,26.05297114,22.58933972,20.51834606,16.03584047,11.82968044,6.635005755,6.02098727
Liechtenstein,LIE,Military expenditure (% of general government expenditure),MS.MIL.XPND.ZS,,,,,,,,,,,,,,,,,,,,,,,,,,,,,,,,,,,,,,,,,,,,,,,,,,,,,,,,,,,,,,
Sri Lanka,LKA,Military expenditure (% of general government expenditure),MS.MIL.XPND.ZS,,,,,,,,,,,,,,,,,,,,,,,,,,,,,,,7.506662392,9.534016233,11.95253038,12.10230201,12.64669368,19.34442759,19.53276884,17.68114326,17.75699179,16.06030361,18.93193141,15.63795928,13.58320914,12.53644525,13.15082636,11.07552818,11.52768006,13.86730588,16.44044141,14.55770608,13.53040058,13.51538989,12.09138212,12.5170837,13.5105789,12.54364987,10.86662442,11.05405401,9.888097109,9.007263203,8.635345107,9.469749697
Lower middle income,LMC,Military expenditure (% of general government expenditure),MS.MIL.XPND.ZS,,,,,,,,,,,,,,,,,,,,,,,,,,,,,,,11.54368693,,,10.4741444,10.52799371,10.45274503,10.72297802,10.71018156,10.98847007,10.70719778,10.46705506,10.21567698,9.393102572,9.345839937,9.795841191,10.28458867,9.651161327,8.334162173,7.834472679,8.871133884,8.935708906,8.91226703,10.05352647,9.777407919,10.04493044,10.27258569,10.21165475,10.19106082,9.350332748,8.975987653,8.352669162,8.118749121
Low & middle income,LMY,Military expenditure (% of general government expenditure),MS.MIL.XPND.ZS,,,,,,,,,,,,,,,,,,,,,,,,,,,,,,,,,,,,,9.067205681,8.580886343,8.379791321,8.789531186,8.592463086,8.781370447,8.665110594,8.508721501,8.509780541,8.36490543,8.168583373,7.704367335,7.048333292,7.275020354,6.934789761,6.579862777,6.826717746,6.77125883,6.783548124,6.763143467,6.788248218,6.644334024,6.189511886,6.051880455,5.764742753,5.837836909
Lesotho,LSO,Military expenditure (% of general government expenditure),MS.MIL.XPND.ZS,,,,,,,,,,,,,,,,,,,,,,,,,,,,,8.944315545,11.33843212,10.91186736,9.333333333,7.828425821,7.010658915,6.98630137,7.915873016,6.972254005,6.20600657,5.64335536,7.103377687,8.769644334,6.833220224,6.123403623,5.882352941,5.5715856,5.00585343,4.712070328,4.743914807,2.931750357,4.100561511,5.589077355,3.683717077,3.607328547,3.312875752,3.770945651,3.575808454,3.639927597,4.405257843,3.857065465,3.417387635,3.426035662,3.036387841
Late-demographic dividend,LTE,Military expenditure (% of general government expenditure),MS.MIL.XPND.ZS,,,,,,,,,,,,,,,,,,,,,,,,,,,,,,,,,,,,,9.174081092,8.604470567,8.182374221,8.762875826,8.862570734,9.47317067,9.249033736,9.013932122,8.929680477,8.508026574,8.328146435,7.929602923,7.152693664,7.078012992,6.759707867,6.469177349,6.603228746,6.66448651,6.564142583,6.295593498,6.309859871,6.063256115,5.769150386,5.601895066,5.303914483,5.580055743
Lithuania,LTU,Military expenditure (% of general government expenditure),MS.MIL.XPND.ZS,,,,,,,,,,,,,,,,,,,,,,,,,,,,,,,,,,2.195881944,1.354801534,1.373828009,1.571160717,2.291832467,3.339027623,2.458046719,3.392087641,3.887419312,3.833070971,3.49657246,3.602788833,3.477090479,3.450268274,3.229419539,3.051891872,2.477178622,2.1326565,1.907596609,2.17708236,2.202696746,2.585934586,3.307386939,4.437065637,5.283983063,5.931473259,5.914759656,4.932950192,4.802014191
Luxembourg,LUX,Military expenditure (% of general government expenditure),MS.MIL.XPND.ZS,,,,,,,,,,,,,,,,,,,,,,,,,,,,,,,,,,,,1.476073371,1.465708867,1.489876218,1.530705335,1.444117898,1.438645875,1.775552863,1.409881975,1.398970685,1.386873326,1.345971315,1.321694899,1.341533372,0.962172137,0.869669526,1.051093249,0.907806045,0.858391159,0.869307518,0.90329942,1.029512697,0.946330194,1.199550169,1.183734466,1.283625405,1.161349253,1.256703496
Latvia,LVA,Military expenditure (% of general government expenditure),MS.MIL.XPND.ZS,,,,,,,,,,,,,,,,,,,,,,,,,,,,,,,,,,,,,,,1.587443946,1.910750507,2.434502217,3.03160359,4.501216545,4.885641677,4.766153014,4.667519182,5.063881215,4.707140947,4.46388515,3.248510427,2.53951801,2.685525815,2.445618778,2.515308526,2.496080627,2.774270788,4.014184397,4.367255738,5.41539016,5.359465788,5.220947951,4.761256045
"Macao SAR, China",MAC,Military expenditure (% of general government expenditure),MS.MIL.XPND.ZS,,,,,,,,,,,,,,,,,,,,,,,,,,,,,,,,,,,,,,,,,,,,,,,,,,,,,,,,,,,,,,
St. Martin (French part),MAF,Military expenditure (% of general government expenditure),MS.MIL.XPND.ZS,,,,,,,,,,,,,,,,,,,,,,,,,,,,,,,,,,,,,,,,,,,,,,,,,,,,,,,,,,,,,,
Morocco,MAR,Military expenditure (% of general government expenditure),MS.MIL.XPND.ZS,,,,,,,,,,,,,,,,,,,,,,,,,,,,,,,14.50021379,15.80369844,15.11296179,15.81092095,16.29825654,16.00396189,17.61395375,17.78011643,17.03428214,12.13568981,10.90424486,14.52658998,12.49913489,13.39743097,12.26654863,10.51285644,11.0609042,10.65254246,10.41111887,10.81203358,10.91352859,9.75643195,9.832848277,11.55621536,11.07830723,10.41762152,10.44478302,10.59254129,10.48964833,10.47361052,11.69902715,13.19637422
Monaco,MCO,Military expenditure (% of general government expenditure),MS.MIL.XPND.ZS,,,,,,,,,,,,,,,,,,,,,,,,,,,,,,,,,,,,,,,,,,,,,,,,,,,,,,,,,,,,,,
Moldova,MDA,Military expenditure (% of general government expenditure),MS.MIL.XPND.ZS,,,,,,,,,,,,,,,,,,,,,,,,,,,,,,,,,,,,2.203452075,2.094194313,1.964852331,1.598429613,1.548672566,1.138284481,1.364283173,1.365734064,1.24284016,1.037022422,1.078248426,1.197671195,1.208535998,1.466431772,1.010776256,0.770982765,0.838230265,0.814068088,0.866964078,0.868033743,0.932863103,1.129991328,1.047612061,1.054035464,1.132146971,1.05069942,1.160067493
Madagascar,MDG,Military expenditure (% of general government expenditure),MS.MIL.XPND.ZS,,,,,,,,,,,,,,,,,,,,,,,,,,,,,9.026220879,6.155408192,7.232834774,7.908867989,3.841796065,5.452320437,4.690007678,4.882508067,6.964000832,8.528125279,6.767826566,6.801936269,6.645312922,7.811275216,8.671644711,6.870296754,4.956038285,5.023259269,4.563053097,5.975076994,6.128716029,5.901098738,4.643247861,5.175555593,5.147428131,4.554840099,4.431719709,3.994649462,3.701485066,3.387829541,3.707754894,3.550056826,4.045941001,3.734325472
Maldives,MDV,Military expenditure (% of general government expenditure),MS.MIL.XPND.ZS,,,,,,,,,,,,,,,,,,,,,,,,,,,,,,,,,,,,,,,,,,,,,,,,,,,,,,,,,,,,,,
Middle East & North Africa,MEA,Military expenditure (% of general government expenditure),MS.MIL.XPND.ZS,,,,,,,,,,,,,,,,,,,,,,,,,,,,,,,,31.78587288,24.47287151,22.38723035,22.03440921,20.65595309,19.74483424,,,22.03159821,19.41849095,19.31942946,17.57162657,17.66372891,17.13866521,17.28616288,17.21655431,16.85018205,15.26920775,15.3507772,15.48041996,14.43697143,15.60125377,16.2822914,16.9409685,20.17912226,17.10044339,19.13038163,17.41074487,16.10425704,15.88507664,15.21218374
Mexico,MEX,Military expenditure (% of general government expenditure),MS.MIL.XPND.ZS,,,,,,,,,,,,,,,,,,,,,,,,,,,,,,,1.718809143,1.968525405,2.243205987,2.195257945,2.513642979,2.180090976,2.09419241,2.012036573,2.084316593,2.087028004,2.107228318,2.075448855,1.979596097,1.798237614,1.702540339,1.609027241,1.378733893,1.701044949,1.40810925,1.804492841,1.635933208,1.680511635,1.68706601,1.828534247,1.837965741,1.697241715,1.809957036,1.698161631,1.860698566,2.016139528,2.583215979,2.404126358
Marshall Islands,MHL,Military expenditure (% of general government expenditure),MS.MIL.XPND.ZS,,,,,,,,,,,,,,,,,,,,,,,,,,,,,,,,,,,,,,,,,,,,,,,,,,,,,,,,,,,,,,
Middle income,MIC,Military expenditure (% of general government expenditure),MS.MIL.XPND.ZS,,,,,,,,,,,,,,,,,,,,,,,,,,,,,,,,,,,,,8.881265195,8.413249957,8.189394561,8.576362585,8.385856498,8.604304422,8.505698152,8.33858631,8.305506414,8.207005831,8.038114097,7.559690895,6.903526512,7.131014448,6.848222304,6.568892101,6.82956563,6.772983063,6.79188054,6.705136294,6.705544676,6.545772539,6.179882088,6.042288032,5.752410794,5.835837817
North Macedonia,MKD,Military expenditure (% of general government expenditure),MS.MIL.XPND.ZS,,,,,,,,,,,,,,,,,,,,,,,,,,,,,,,,,,,,,,6.463482797,6.394743883,5.165702695,5.77937409,16.32785077,6.927033759,6.504771061,6.97635576,6.245656924,5.839000351,6.200786227,5.160700772,5.029966369,4.251408555,3.962196524,3.684403812,3.692219622,3.446260495,3.083039065,3.118622449,2.817843336,3.116026077,3.69078155,3.407952848,4.336363957
Mali,MLI,Military expenditure (% of general government expenditure),MS.MIL.XPND.ZS,,,,,,,,,,,,,,,,,,,,,,,,,,,,,,,,,,,,,,,,,7.625128107,7.06110106,6.363547234,6.819100511,6.535268881,6.398599044,6.304140891,6.305500924,7.727228823,6.212470122,6.784235192,6.03564525,7.703293462,5.880714352,7.59519079,11.2718329,11.61869438,13.2134326,13.90426265,11.89111699,13.017765,10.46550097
Malta,MLT,Military expenditure (% of general government expenditure),MS.MIL.XPND.ZS,,,,,,,,,,,,,,,,,,,,,,,,,,,,,,,,,,,,,,,,,1.463631222,1.500263852,1.462283384,1.384441367,1.581769567,1.946846225,1.547561404,1.50975095,1.463911213,1.654998055,1.636273063,1.426285917,1.26890921,1.26323667,1.218798283,1.222964127,1.419970263,1.405967583,1.236705959,1.432753797,0.998861162,1.088028489
Myanmar,MMR,Military expenditure (% of general government expenditure),MS.MIL.XPND.ZS,,,,,,,,,,,,,,,,,,,,,,,,,,,,,,,,,,,,,,,10.48386643,9.765370034,11.20463152,10.62393552,10.06707919,15.02323871,13.72737273,11.86302304,,,,,,,21.51216527,17.92697121,15.93772867,17.76819911,17.45108608,17.53744468,11.22026984,10.81034097,13.81426739,15.40328934
Middle East & North Africa (excluding high income),MNA,Military expenditure (% of general government expenditure),MS.MIL.XPND.ZS,,,,,,,,,,,,,,,,,,,,,,,,,,,,,,,,14.32341817,14.37843822,11.79617848,13.14632814,13.02407022,13.7437007,13.71024632,14.34917917,12.70016758,12.75013965,13.19826625,11.85618961,12.43798064,11.74112187,11.39077927,11.00187541,10.79151668,9.775647494,11.21849502,11.26802897,10.05213423,11.61694568,10.66692203,10.72382327,12.03444832,11.9313165,12.94249259,11.32922487,11.40313031,10.82334658,10.20890413
Montenegro,MNE,Military expenditure (% of general government expenditure),MS.MIL.XPND.ZS,,,,,,,,,,,,,,,,,,,,,,,,,,,,,,,,,,,,,,,,,,,,,,7.056277056,5.384615385,3.977947413,3.663303909,3.591411841,3.888888889,3.863328823,3.624484182,3.168851395,3.329627207,3.026489676,2.969930814,2.893185185,2.902363636,3.034588884,3.2,3.753375338
Mongolia,MNG,Military expenditure (% of general government expenditure),MS.MIL.XPND.ZS,,,,,,,,,,,,,,,,,,,,,,,,,,,,,13.95998139,12.58699837,9.154167311,8.535178777,7.242476144,4.756388494,5.503094779,5.510056849,5.609972021,5.133705084,4.895570897,5.133251013,6.181474033,5.183264248,5.099358561,4.530875205,4.377785113,4.701954675,4.382495801,3.783503581,3.154605975,2.315719648,2.416426866,2.207306726,2.563261896,2.557665152,2.67464177,2.808158169,2.177338067,2.368632969,2.570371518,2.233390592,2.100843935,1.734560641
Northern Mariana Islands,MNP,Military expenditure (% of general government expenditure),MS.MIL.XPND.ZS,,,,,,,,,,,,,,,,,,,,,,,,,,,,,,,,,,,,,,,,,,,,,,,,,,,,,,,,,,,,,,
Mozambique,MOZ,Military expenditure (% of general government expenditure),MS.MIL.XPND.ZS,,,,,,,,,,,,,,,,,,,,,,,,,,,,,11.12956811,12.47881356,11.39130435,10.75156576,10.1146325,9.969657564,10.73694485,5.827865689,6.009153994,5.210011817,5.938483403,5.76079151,5.42925227,4.313822343,4.830162784,4.879178966,5.504788821,4.132838141,2.999033896,3.034030831,3.042370853,2.675713083,3.265379321,2.81357892,2.964746359,2.895026951,2.43252898,2.570781644,3.200838064,3.39905692,4.223035191,4.689899401,6.186555485,4.315566485
Mauritania,MRT,Military expenditure (% of general government expenditure),MS.MIL.XPND.ZS,,,,,,,,,,,,,,,,,,,,,,,,,,,,,,,,,,,,,,,,,,,,,12.46774086,10.64661654,11.00055003,,11.95409783,12.40467759,,,9.816959717,9.928790585,9.194187583,8.401759816,10.29737324,10.44952234,11.2232887,11.44246039,13.11840233,12.5448257
Mauritius,MUS,Military expenditure (% of general government expenditure),MS.MIL.XPND.ZS,,,,,,,,,,,,,,,,,,,,,,,,,,,,,,,1.448583254,1.702590674,1.674512758,1.705064993,1.446429785,1.457333416,1.379933626,1.111410263,0.990335806,0.968688845,0.853125,0.821010329,0.796608747,0.754260023,0.696467863,0.688597714,0.685060135,0.654172878,0.677953141,0.658230912,0.610134712,0.631770768,0.624976596,0.782334593,0.655648817,0.581864102,0.728947221,0.681897454,0.643070952,0.53491327,0.489643202,0.515729758
Malawi,MWI,Military expenditure (% of general government expenditure),MS.MIL.XPND.ZS,,,,,,,,,,,,,,,,,,,,,,,,,,,,,,,,,,,,,,,,,,,2.174401914,1.885973972,2.613520896,4.257736421,3.097576876,2.597564007,2.875270351,3.342925495,2.602165249,2.756708527,2.897436899,3.909851998,3.178066332,2.309486489,2.289303941,2.525199645,3.041589063,3.938917765,3.311114518,2.982453227
Malaysia,MYS,Military expenditure (% of general government expenditure),MS.MIL.XPND.ZS,,,,,,,,,,,,,,,,,,,,,,,,,,,,,,,7.802364042,10.72332192,9.720272168,10.72550421,11.23402709,11.17909194,9.843881311,9.05156481,6.377010785,7.829959614,5.855511779,6.782679301,7.506399506,8.553217416,8.027416531,8.458174374,7.494448441,7.565083887,6.778747611,6.058714117,5.601349919,5.732662081,4.958118465,5.397014551,5.527346633,6.086636566,6.099022746,5.016677962,4.210998279,3.800255319,3.946376041,4.03840572
North America,NAC,Military expenditure (% of general government expenditure),MS.MIL.XPND.ZS,,,,,,,,,,,,,,,,,,,,,,,,,,,,,,,,,,,,,,,,,,8.976815237,9.645992534,10.50659617,11.07951594,11.11411876,11.00411522,10.79470948,10.96337566,10.82795088,11.17265757,11.18817647,10.78896236,10.10416275,9.438518346,9.112804432,8.889523865,8.692686769,8.668997159,8.900446667,7.611940624,7.681594799
Namibia,NAM,Military expenditure (% of general government expenditure),MS.MIL.XPND.ZS,,,,,,,,,,,,,,,,,,,,,,,,,,,,,,,,15.43436293,11.52286734,6.851464435,5.6118202,5.833136931,5.527079304,6.582991803,6.583911862,8.685147849,7.788473218,8.809221658,8.702383186,8.371804736,8.827741408,9.464202696,9.459747987,10.00918374,11.04912845,10.55740433,10.50153735,9.29145272,9.036612722,8.369995332,10.35088108,10.36775544,9.508734171,9.246836557,9.173480944,8.813115782,8.41312069,8.224188076
New Caledonia,NCL,Military expenditure (% of general government expenditure),MS.MIL.XPND.ZS,,,,,,,,,,,,,,,,,,,,,,,,,,,,,,,,,,,,,,,,,,,,,,,,,,,,,,,,,,,,,,
Niger,NER,Military expenditure (% of general government expenditure),MS.MIL.XPND.ZS,,,,,,,,,,,,,,,,,,,,,,,,,,,,,,,,,,,,6.430733313,6.672664567,5.878244675,6.133811456,6.224244505,6.673262152,7.411540012,5.17838456,5.19310733,5.257904961,4.828073152,,,4.383545642,4.103436911,5.980892341,6.262796503,9.509628499,5.083716391,5.696368305,,8.298327993,9.276842855,8.477981138,8.892290778,7.573466218,5.50796044
Nigeria,NGA,Military expenditure (% of general government expenditure),MS.MIL.XPND.ZS,,,,,,,,,,,,,,,,,,,,,,,,,,,,,,,2.234160912,2.113952084,1.470257148,1.799606918,2.348548355,3.869423539,3.666871311,3.197133998,3.488012642,4.071960694,2.196814414,2.528800202,4.924068234,2.459312476,2.677240856,2.231224385,2.828493361,2.042262125,3.401221005,3.278149494,3.249913159,3.348660282,3.386566772,3.320330668,3.103170037,3.779685014,4.435819368,3.591751162,3.954416578,3.667027868,5.222445002,7.323454003
Nicaragua,NIC,Military expenditure (% of general government expenditure),MS.MIL.XPND.ZS,,,,,,,,,,,,,,,,,,,,,,,,,,,,,,,,,,,,,,,,,2.933673469,2.740024711,3.560464783,3.176484603,2.705233587,2.538229018,2.581674877,2.475355225,2.294790625,2.210932208,2.237710932,2.236740074,2.764821109,2.803858912,2.786365195,3.060839955,2.392009595,2.29842816,2.270293123,2.173243785,2.167779427,1.913772523
Netherlands,NLD,Military expenditure (% of general government expenditure),MS.MIL.XPND.ZS,,,,,,,,,,,,,,,,,,,,,,,,,,,,,4.925408458,4.918848544,4.7334131,4.423100444,4.301907639,3.893461677,3.776701393,3.349649106,3.761878741,3.667631668,3.581626536,3.687023413,3.465758405,3.413720902,3.333892946,3.303130479,3.347117145,3.371608888,3.306956179,3.260844212,3.083132913,2.989627195,2.817688378,2.803513174,2.689031931,2.551987383,2.581312333,2.585941067,2.719617781,2.777004482,2.93209742,3.207034593,3.163041232,2.860111859
Norway,NOR,Military expenditure (% of general government expenditure),MS.MIL.XPND.ZS,,,,,,,,,,,,,,,,,,,,,,,,,,,,,5.869358928,5.945501527,5.791094397,5.398005729,5.665731886,5.242861698,5.424124584,4.676816886,4.598551475,4.431365827,4.509706286,4.388405048,4.124329568,3.93946556,4.49696748,4.133657288,4.117296394,3.771647032,3.568850999,3.560742194,3.446638587,3.502428596,3.389928515,3.334122981,3.285796284,3.23385363,3.233316433,3.107934,3.208477506,3.463887276,3.59460408,3.684188013,3.520672349,3.621484468
Nepal,NPL,Military expenditure (% of general government expenditure),MS.MIL.XPND.ZS,,,,,,,,,,,,,,,,,,,,,,,,,,,,,,,,,,,,,,,,,6.873319905,7.46249019,9.768130416,11.67396518,13.32449231,14.03686147,13.72883492,10.35209067,10.47510114,8.495282575,8.331248772,8.263327853,7.416966536,8.652327067,8.645813638,7.742784022,7.74928268,6.283020476,4.821523427,4.520255277,4.805293875,4.377107921
Nauru,NRU,Military expenditure (% of general government expenditure),MS.MIL.XPND.ZS,,,,,,,,,,,,,,,,,,,,,,,,,,,,,,,,,,,,,,,,,,,,,,,,,,,,,,,,,,,,,,
New Zealand,NZL,Military expenditure (% of general government expenditure),MS.MIL.XPND.ZS,,,,,,,,,,,,,,,,,,,,,,,,,,,,,4.58782538,4.54921751,4.667386211,4.298608499,3.99098611,4.135086362,4.331864905,4.425922173,4.493975603,4.36952586,4.260474745,4.19757326,4.167034227,4.027715786,3.807199512,3.756836389,3.503740648,3.306724519,3.529273822,3.432280092,3.233994226,3.347268207,3.089067706,2.941176471,3.009625681,2.953825723,3.020039219,2.97334201,3.09310359,3.203234433,3.347620482,3.587199767,3.362043554,3.14241415
OECD members,OED,Military expenditure (% of general government expenditure),MS.MIL.XPND.ZS,,,,,,,,,,,,,,,,,,,,,,,,,,,,,,,,,,,,3.937680804,4.025674204,,,,,5.8725884,6.11255902,6.239860944,6.346603123,6.35392743,6.375079372,6.243813697,6.169710463,6.093423102,6.229220233,6.078532636,5.981173738,5.760163916,5.568294723,5.657858514,5.591715839,5.545569833,5.553273453,5.718866477,5.0914242,5.102437774
Oman,OMN,Military expenditure (% of general government expenditure),MS.MIL.XPND.ZS,,,,,,,,,,,,,,,,,,,,,,,,,,,,,,,29.61303191,25.77323718,26.47980027,25.09746147,25.82744145,25.01396648,24.50554324,25.43973214,22.73889637,21.99743918,22.69648204,24.63041183,23.7260568,23.44998452,23.06885422,25.18895001,23.62195122,21.86382755,19.38728702,18.19561551,18.46984169,18.7058566,27.39640299,24.80607889,21.39344262,21.48850148,23.67609404,21.33810573,21.57438997,19.18412034,18.06536149,20.55647994
Other small states,OSS,Military expenditure (% of general government expenditure),MS.MIL.XPND.ZS,,,,,,,,,,,,,,,,,,,,,,,,,,,,,,,,,,,,,,,,,,,8.429677776,8.425840655,7.336295206,6.734497586,6.411181303,6.626135632,6.770632289,6.106312482,5.600346962,,,,,,,,,,,12.64481952
Pakistan,PAK,Military expenditure (% of general government expenditure),MS.MIL.XPND.ZS,,,,,,,,,,,,,,,,,,,,,,,,,,,,,,,,,,25.10168883,27.39592921,27.20622553,24.57582699,25.03728079,23.44688633,23.97516016,22.42281701,24.03238911,22.56929814,25.41437248,26.05786254,24.45055659,21.36511302,18.02774773,16.13347292,16.9404921,16.83466605,16.98073726,16.08995077,15.90650822,17.30046691,17.96238619,18.03221557,17.71762521,19.08900953,18.69707011,17.4362421,17.81851083
Panama,PAN,Military expenditure (% of general government expenditure),MS.MIL.XPND.ZS,,,,,,,,,,,,,,,,,,,,,,,,,,,,,,,,,,,4.86278286,4.339622642,5.455525606,4.98521335,3.758583303,3.821917808,,,,,,,,,,,,,,,,,,,,,,
Peru,PER,Military expenditure (% of general government expenditure),MS.MIL.XPND.ZS,,,,,,,,,,,,,,,,,,,,,,,,,,,,,,,,,,,,,,,,,8.32696735,8.463673731,7.919371278,7.570141382,7.129652704,7.952795889,7.704450329,7.01300335,6.252246091,7.11060754,6.982591842,6.976914596,7.293350609,7.58619553,7.032531501,7.726630518,6.195018627,5.868989904,5.488218502,5.603788429,4.923823892,4.491815759
Philippines,PHL,Military expenditure (% of general government expenditure),MS.MIL.XPND.ZS,,,,,,,,,,,,,,,,,,,,,,,,,,,,,,12.48323601,10.01467717,9.774280873,9.692607292,10.74914935,9.668294786,10.51627768,10.11985334,8.257396003,8.08980675,7.54671074,7.484231854,6.76516247,6.918755856,7.324684334,6.755983608,6.818665484,6.886969069,7.102065451,6.991269075,6.259066277,6.377360504,6.72745002,6.124981486,6.661133613,6.027167843,6.0717066,5.60564586,6.542635747,3.930777282,4.246291047,3.913545712,3.822429671
Palau,PLW,Military expenditure (% of general government expenditure),MS.MIL.XPND.ZS,,,,,,,,,,,,,,,,,,,,,,,,,,,,,,,,,,,,,,,,,,,,,,,,,,,,,,,,,,,,,,
Papua New Guinea,PNG,Military expenditure (% of general government expenditure),MS.MIL.XPND.ZS,,,,,,,,,,,,,,,,,,,,,,,,,,,,,4.479910714,4.535323383,5.883408072,4.203020134,3.973277075,3.963378618,5.342639594,4.6157289,5.89166194,5.320930233,4.465136423,3.280400572,3.178110129,2.58230142,1.863930278,1.884415229,2.001017035,2.014066496,1.927104309,2.283865909,1.706024096,1.817029904,1.767676768,1.812983919,2.317281592,1.790376442,1.789827876,2.011791251,1.825081049,1.932432432,1.625139457,1.748103012,1.537271884,1.557017544
Poland,POL,Military expenditure (% of general government expenditure),MS.MIL.XPND.ZS,,,,,,,,,,,,,,,,,,,,,,,,,,,,,,,,,,,,4.098318884,3.858188417,4.382540839,4.56094251,4.501229037,4.245742055,4.228760178,4.18364493,4.165406432,4.296699272,4.35394938,4.321003496,4.666705925,3.966639723,3.99304403,3.995821009,4.059827202,4.178242757,4.142463322,4.472499397,5.128685905,4.715660908,4.591349666,4.934504011,4.718556286,4.728772042,4.626253845
Pre-demographic dividend,PRE,Military expenditure (% of general government expenditure),MS.MIL.XPND.ZS,,,,,,,,,,,,,,,,,,,,,,,,,,,,,,,,,,,,,,,,,11.16355646,9.628180918,9.612496185,8.8537099,7.232654585,7.135867099,7.407884143,6.320515268,6.410107702,7.326247865,5.965480454,5.865270938,5.401096426,6.80827707,6.459571243,9.270017096,9.521958451,10.77449105,7.162051736,7.170568978,6.777827473,6.223308658
Puerto Rico,PRI,Military expenditure (% of general government expenditure),MS.MIL.XPND.ZS,,,,,,,,,,,,,,,,,,,,,,,,,,,,,,,,,,,,,,,,,,,,,,,,,,,,,,,,,,,,,,
"Korea, Dem. People's Rep.",PRK,Military expenditure (% of general government expenditure),MS.MIL.XPND.ZS,,,,,,,,,,,,,,,,,,,,,,,,,,,,,,,,,,,,,,,,,,,,,,,,,,,,,,,,,,,,,,
Portugal,PRT,Military expenditure (% of general government expenditure),MS.MIL.XPND.ZS,,,,,,,,,,,,,,,,,,,,,,,,,,,,,5.763115584,5.866762398,5.598572328,5.123853057,4.85744396,4.967931512,5.097578247,5.295077223,4.913685141,4.807364787,4.423502625,4.44147315,4.348339725,4.336287617,4.38979472,4.161167072,4.274949694,4.382513661,4.318024402,4.080246598,4.045390735,4.044313783,3.822305184,4.005085823,3.913561341,4.180374095,3.464582774,3.711416137,4.46959912,3.685163729,4.081174906,4.197441308,3.848584944,4.0322894
Paraguay,PRY,Military expenditure (% of general government expenditure),MS.MIL.XPND.ZS,,,,,,,,,,,,,,,,,,,,,,,,,,,,,34.76038848,21.74923943,23.03818087,25.1385162,18.42147851,17.07627415,14.01963179,14.27033062,11.95041533,9.157312723,8.140376342,6.72761594,6.258560908,5.567406888,5.39754192,5.100376539,5.571237328,4.865108612,5.209093264,5.25722863,5.327966589,4.955353544,5.08244242,5.328546827,5.161746601,5.458334166,5.492404855,5.218235132,4.887614625,4.584629679,4.66661321,4.238193109,3.973857873,4.163039922
West Bank and Gaza,PSE,Military expenditure (% of general government expenditure),MS.MIL.XPND.ZS,,,,,,,,,,,,,,,,,,,,,,,,,,,,,,,,,,,,,,,,,,,,,,,,,,,,,,,,,,,,,,
Pacific island small states,PSS,Military expenditure (% of general government expenditure),MS.MIL.XPND.ZS,,,,,,,,,,,,,,,,,,,,,,,,,,,,,,,,,6.944024206,,,,,,,,,,,,,,,,,,,,,,,,,,,,,
Post-demographic dividend,PST,Military expenditure (% of general government expenditure),MS.MIL.XPND.ZS,,,,,,,,,,,,,,,,,,,,,,,,,,,,,,,,,,,,3.99994841,4.053296166,,,,,5.928327099,6.198144255,6.32011476,6.426010683,6.457968803,6.500720409,6.373718529,6.271992839,6.169525381,6.351887305,6.201209669,6.099419619,5.867060422,5.65952498,5.747155609,5.655671774,5.606462328,5.612259115,5.795023679,5.090392201,5.144624609
French Polynesia,PYF,Military expenditure (% of general government expenditure),MS.MIL.XPND.ZS,,,,,,,,,,,,,,,,,,,,,,,,,,,,,,,,,,,,,,,,,,,,,,,,,,,,,,,,,,,,,,
Qatar,QAT,Military expenditure (% of general government expenditure),MS.MIL.XPND.ZS,,,,,,,,,,,,,,,,,,,,,,,,,,,,,,,25.25221511,27.90464778,,,,,,,,,,,12.46344207,11.60551018,8.422408628,6.858519808,6.15254076,6.979527211,8.738850732,6.063663335,4.899870894,,,,,,,,,,,21.71038755
Romania,ROU,Military expenditure (% of general government expenditure),MS.MIL.XPND.ZS,,,,,,,,,,,,,,,,,,,,,,,,,,,,,,,11.82121212,12.37647059,10.12252964,8.110782866,9.316706731,7.976855547,7.326813366,8.995796357,8.489932886,7.567288319,7.167813658,7.357443748,7.146278556,6.798395021,6.064433084,6.213360673,5.449719948,4.321161335,3.969181805,3.519623201,3.277925006,3.532209694,3.507692826,3.781922524,3.991977698,4.246465045,4.48781711,5.589394347,5.646035846,5.512255573,5.26257647,5.277008121
Russian Federation,RUS,Military expenditure (% of general government expenditure),MS.MIL.XPND.ZS,,,,,,,,,,,,,,,,,,,,,,,,,,,,,,,,,,,,,,,6.905517008,8.988603611,10.81963141,11.30253433,11.13848973,11.29225698,11.17038114,11.3363179,11.20653671,9.78733898,9.863158416,10.1920224,10.12229563,10.32146357,10.84155587,11.12217833,11.77219803,13.81071122,14.828395,12.19918217,11.40316049,11.39899916,10.58606762,10.79469726
Rwanda,RWA,Military expenditure (% of general government expenditure),MS.MIL.XPND.ZS,,,,,,,,,,,,,,,,,,,,,,,,,,,,,,,,,17.80803411,19.76950898,21.43663031,21.32779963,23.72031025,21.14395129,23.13082523,16.7596725,16.25905643,15.17523787,12.70681252,11.42357487,9.704422852,7.686701088,7.984932088,6.094443832,5.815269326,5.944827216,5.105587809,4.435078414,4.242617809,4.032517203,4.013307142,4.565663767,4.936717027,4.977276188,4.682381126,4.246526548,4.869782198,5.271349341
South Asia,SAS,Military expenditure (% of general government expenditure),MS.MIL.XPND.ZS,,,,,,,,,,,,,,,,,,,,,,,,,,,,,14.63976075,13.46104506,12.22951612,10.80379883,10.41065563,13.38266867,12.94230142,13.27082572,12.83838866,12.7983055,12.36979654,13.04487292,12.76365204,11.78968748,11.18212127,10.80348834,11.73109542,11.67371679,11.06826866,10.026882,9.97081109,11.08599808,10.49513833,10.27157709,9.984610189,10.03001793,10.3260089,9.998868678,10.22301652,10.2920757,10.18882381,9.987365354,9.563826232,9.134546492
Saudi Arabia,SAU,Military expenditure (% of general government expenditure),MS.MIL.XPND.ZS,,,,,,,,,,,,,,,,,,,,,,,,,,,,,,,35.4435866,35.4435866,27.25513391,32.83410506,31.30129299,28.44885057,25.25023092,30.7226084,41.16121225,37.36924843,31.79414875,30.91296149,27.20862745,26.23246269,25.99071926,27.46146142,28.78124188,28.95147238,27.5619652,25.94633746,25.94748932,22.01415266,23.0993744,25.26554838,26.55253405,32.65251295,25.52313376,30.69767442,25.93705678,23.14542021,22.50500588,20.52092659
Sudan,SDN,Military expenditure (% of general government expenditure),MS.MIL.XPND.ZS,,,,,,,,,,,,,,,,,,,,,,,,,,,,,,,,,,,,,,12.93031066,30.54417788,47.75528169,43.1551872,25.0311643,25.34763607,14.86196538,28.20128668,16.76611331,19.34024563,20.85060959,25.25844744,29.07983895,,,,,,21.92027829,22.86596881,25.65744844,10.56391272,8.734329918,9.096010042,7.372187116
Senegal,SEN,Military expenditure (% of general government expenditure),MS.MIL.XPND.ZS,,,,,,,,,,,,,,,,,,,,,,,,,,,,,,,,,,,8.766129918,9.29979277,8.234261501,8.583523391,8.737672584,8.122682845,7.435940378,6.743223394,6.872961146,6.485368664,5.892864551,6.055295788,5.972015069,6.222236737,6.170269542,6.325591779,5.600841669,5.564640488,4.847217609,5.666295238,5.252696941,5.269116409,6.685686452,6.54882011,7.391382574,6.302525568,5.310161667,6.781121305
Singapore,SGP,Military expenditure (% of general government expenditure),MS.MIL.XPND.ZS,,,,,,,,,,,,,,,,,,,,,,,,,,,,,,,29.91664377,27.51141553,29.64957465,27.17383938,32.99227799,29.37947965,23.16955877,30.35755241,29.26454467,31.83575788,27.42936919,26.49809521,30.42629841,30.12151825,30.56252689,33.6977063,30.92842358,39.22256158,27.95045582,23.40681042,32.20089702,32.62851079,31.4036001,27.60095825,23.86905697,20.95495078,19.95955059,21.62514391,20.03252495,19.7733037,11.04893168,15.33281463
Solomon Islands,SLB,Military expenditure (% of general government expenditure),MS.MIL.XPND.ZS,,,,,,,,,,,,,,,,,,,,,,,,,,,,,,,,,,,,,,,,,,,,,,,,,,,,,,,,,,,,,,
Sierra Leone,SLE,Military expenditure (% of general government expenditure),MS.MIL.XPND.ZS,,,,,,,,,,,,,,,,,,,,,,,,,,,,,,,,,,,,,,,,,15.35562364,14.35981726,10.810621,10.91169398,8.748735844,7.911225394,8.935674983,10.39878377,5.839321744,6.157211376,4.807683034,4.026247646,3.849893638,4.113620121,5.515830722,4.452292115,4.781444374,4.522711852,3.411001883,3.161994535,2.135018126,2.598772538
El Salvador,SLV,Military expenditure (% of general government expenditure),MS.MIL.XPND.ZS,,,,,,,,,,,,,,,,,,,,,,,,,,,,,,,21.42309678,14.90012203,11.12717551,9.423142038,7.52992559,6.741322399,5.497553381,5.893473938,5.255129263,5.175629277,4.46843402,5.659333549,5.671694142,4.277027027,4.338983051,4.030937216,3.793379605,4.264743755,3.918459796,4.156270519,4.257572548,4.304661595,3.830259563,3.79029684,3.749599231,3.89833176,3.727231672,3.762076424,4.152946152,4.33688816,4.266220072,4.477472206
San Marino,SMR,Military expenditure (% of general government expenditure),MS.MIL.XPND.ZS,,,,,,,,,,,,,,,,,,,,,,,,,,,,,,,,,,,,,,,,,,,,,,,,,,,,,,,,,,,,,,
Somalia,SOM,Military expenditure (% of general government expenditure),MS.MIL.XPND.ZS,,,,,,,,,,,,,,,,,,,,,,,,,,,,,,,,,,,,,,,,,,,,,,,,,,,,,,,,,,,,,,
Serbia,SRB,Military expenditure (% of general government expenditure),MS.MIL.XPND.ZS,,,,,,,,,,,,,,,,,,,,,,,,,,,,,,,,,,,,,,,,,16.43192851,11.91235447,9.812948736,8.228883047,7.28252285,5.711060825,5.12449707,5.333370272,4.982072453,5.043060134,4.867256955,4.812294133,4.367300841,4.492135752,4.331294009,4.28085102,4.173834415,4.584390804,3.969040639,5.268730349,4.359187004,4.383294044
Sub-Saharan Africa (excluding high income),SSA,Military expenditure (% of general government expenditure),MS.MIL.XPND.ZS,,,,,,,,,,,,,,,,,,,,,,,,,,,,,,,,,,,,,,,,,7.402675283,7.395534835,7.615207575,6.981816759,6.761526536,8.436551497,8.157343678,5.653697624,5.790970504,6.158991543,6.140865129,6.868401216,8.507613926,8.894921609,9.138301191,10.5054119,10.47086839,9.69583754,7.28302728,6.099595685,4.94333862,4.719964927
South Sudan,SSD,Military expenditure (% of general government expenditure),MS.MIL.XPND.ZS,,,,,,,,,,,,,,,,,,,,,,,,,,,,,,,,,,,,,,,,,,,,,,,,,,,,28.97360344,27.74066673,25.93187718,23.67723236,25.63118947,8.235638231,6.243619772,9.825009895,7.932341138,5.95195225,4.743489453
Sub-Saharan Africa,SSF,Military expenditure (% of general government expenditure),MS.MIL.XPND.ZS,,,,,,,,,,,,,,,,,,,,,,,,,,,,,,,,,,,,,,,,,7.380135091,7.375298369,7.595914648,6.969879483,6.761526536,8.436551497,8.138088629,5.64764866,5.788257559,6.153948315,6.134590569,6.861806045,8.499119579,8.888210815,9.135096137,10.49522014,10.45931119,9.68611534,7.275876725,6.093155843,4.938631887,4.716349089
Small states,SST,Military expenditure (% of general government expenditure),MS.MIL.XPND.ZS,,,,,,,,,,,,,,,,,,,,,,,,,,,,,,,,,,,,,,,,,,,,7.814491576,6.916810551,6.357497029,6.155334065,6.400214685,6.536571746,5.937894104,5.466520828,,,,,,,,,,,12.33278554
Sao Tome and Principe,STP,Military expenditure (% of general government expenditure),MS.MIL.XPND.ZS,,,,,,,,,,,,,,,,,,,,,,,,,,,,,,,,,,,,,,,,,,,,,,,,,,,,,,,,,,,,,,
Suriname,SUR,Military expenditure (% of general government expenditure),MS.MIL.XPND.ZS,,,,,,,,,,,,,,,,,,,,,,,,,,,,,,,,,,,,,,,,,,,,,,,,,,,,,,,,,,,,,,
Slovak Republic,SVK,Military expenditure (% of general government expenditure),MS.MIL.XPND.ZS,,,,,,,,,,,,,,,,,,,,,,,,,,,,,,,,,,,,6.495136492,5.56189827,4.678922186,3.799950968,3.276440554,3.130835528,4.061657033,3.902740937,4.551316497,4.349266176,4.226665337,4.106032907,4.063710344,3.944827586,3.414959772,2.964317758,2.580253983,2.622539305,2.304045512,2.276787066,2.435082722,2.623282719,2.676245814,2.944489139,4.01836969,4.108053707,3.437320653
Slovenia,SVN,Military expenditure (% of general government expenditure),MS.MIL.XPND.ZS,,,,,,,,,,,,,,,,,,,,,,,,,,,,,,,,,,,,3.020806717,3.495686422,3.086492514,2.942494715,2.573703704,2.305623745,2.669740802,2.945367958,2.983275377,3.073280546,3.061153476,3.386574559,3.324006568,3.313630245,3.213343764,3.194996164,2.54077572,2.364052982,1.73717797,1.915229435,1.909516513,2.175500803,2.22766934,2.247182287,2.442132392,2.069309399,2.454157445
Sweden,SWE,Military expenditure (% of general government expenditure),MS.MIL.XPND.ZS,,,,,,,,,,,,,,,,,,,,,,,,,,,,,4.000022455,3.985119922,3.9680839,3.537973607,3.273052699,3.294424006,3.231683044,2.807856161,2.456457362,3.277358664,3.34588367,3.358735874,3.472790166,3.420755387,3.097776375,3.003610381,2.789526902,2.74365762,2.637999762,2.689776196,2.37435103,2.265133625,2.406219655,2.26589478,2.269569071,2.201269581,2.267864805,2.203935051,2.158786499,2.120499657,2.116551312,2.276233391,2.236417518,2.429006449
Eswatini,SWZ,Military expenditure (% of general government expenditure),MS.MIL.XPND.ZS,,,,,,,,,,,,,,,,,,,,,,,,,,,,,,,,,,,,,,,,,,,,,,,,,,,,,,,,,,,,,,
Sint Maarten (Dutch part),SXM,Military expenditure (% of general government expenditure),MS.MIL.XPND.ZS,,,,,,,,,,,,,,,,,,,,,,,,,,,,,,,,,,,,,,,,,,,,,,,,,,,,,,,,,,,,,,
Seychelles,SYC,Military expenditure (% of general government expenditure),MS.MIL.XPND.ZS,,,,,,,,,,,,,,,,,,,,,,,,,,,,,9.159663866,8.278965129,8.741721854,8.488372093,9.325044405,4.527665317,3.840255591,4.295719844,3.545331529,3.698644287,2.855172414,3.171841542,3.03030303,3.797070885,2.977984208,3.885949442,4.755700326,4.111675127,3.245927139,3.504479669,4.261239368,3.178779698,2.13432172,2.354255784,2.426404996,2.742894911,6.810717373,4.061341422,4.074797656,4.115812314,3.634596696,3.69744836,2.876883302,3.224713959
Syrian Arab Republic,SYR,Military expenditure (% of general government expenditure),MS.MIL.XPND.ZS,,,,,,,,,,,,,,,,,,,,,,,,,,,,,,,24.29952137,30.42675959,26.31798669,24.61391786,24.33593648,23.35467847,21.81703193,20.30433354,20.14886072,20.73189324,19.01951026,18.88015675,17.37983284,19.14297693,17.68916413,17.8393049,16.47992469,15.9292308,15.4681674,15.05224165,13.62182053,,,,,,,,,,,
Turks and Caicos Islands,TCA,Military expenditure (% of general government expenditure),MS.MIL.XPND.ZS,,,,,,,,,,,,,,,,,,,,,,,,,,,,,,,,,,,,,,,,,,,,,,,,,,,,,,,,,,,,,,
Chad,TCD,Military expenditure (% of general government expenditure),MS.MIL.XPND.ZS,,,,,,,,,,,,,,,,,,,,,,,,,,,,,,,,,,,,7.674714884,8.775566611,6.104391386,6.196433463,7.215531852,7.480314961,8.707482993,8.526578666,6.837115771,7.928071311,7.228124244,21.50180718,26.29371418,31.31257798,32.95818873,23.67091683,22.39823866,,24.52233042,12.76971077,11.00759499,21.13650438,14.76643345,17.20097264,14.88535903,15.79177298,15.69537969
East Asia & Pacific (IDA & IBRD countries),TEA,Military expenditure (% of general government expenditure),MS.MIL.XPND.ZS,,,,,,,,,,,,,,,,,,,,,,,,,,,,,,,12.71900818,13.38853739,15.3859475,12.84044754,12.63030718,13.65013938,13.36877755,12.53364381,11.90302562,11.28107856,10.42817209,10.43620356,10.17039305,10.08183552,9.916396511,9.395101587,9.315164205,8.982685114,7.357057684,7.122131807,6.694064332,6.058273114,5.990979806,6.003489733,5.982709846,5.723477132,5.665938003,5.563246664,5.153632401,4.935500179,4.800033074,4.98370609
Europe & Central Asia (IDA & IBRD countries),TEC,Military expenditure (% of general government expenditure),MS.MIL.XPND.ZS,,,,,,,,,,,,,,,,,,,,,,,,,,,,,,,,,,,,,,,,,8.023862538,8.506612597,8.597280578,8.492602341,8.407536293,8.585054838,8.585706025,7.928898023,7.61898691,7.689397475,7.702305586,7.960468652,8.329078516,8.501665986,8.805833643,9.517275722,9.636618031,8.787382307,8.755511139,8.941739231,8.199644238,8.154493866
Togo,TGO,Military expenditure (% of general government expenditure),MS.MIL.XPND.ZS,,,,,,,,,,,,,,,,,,,,,,,,,,,,,,10.76475377,10.86618013,11.48253236,13.5160425,15.49372613,11.34580567,10.84423038,,,,,,,,11.39686728,9.870936199,8.1539635,,,10.08875927,8.20386116,7.943379294,5.98618721,6.086704469,6.287055813,6.609649934,5.462204837,5.904090388,8.602319801,7.904558802,14.72679291,9.361407799,5.850551729
Thailand,THA,Military expenditure (% of general government expenditure),MS.MIL.XPND.ZS,,,,,,,,,,,,,,,,,,,,,,,,,,,,,,,,,,,,13.66623487,12.31981785,10.07055904,7.818046721,6.377024771,8.042092972,7.214190099,5.666379903,6.95689497,5.74814258,5.468396734,5.981814913,6.872845435,7.93444326,8.019645598,6.726855142,7.001166582,6.515245428,6.511111279,6.38752666,6.504277372,6.772782573,6.560394789,6.435727095,6.223592572,5.65244221,4.842316587
Tajikistan,TJK,Military expenditure (% of general government expenditure),MS.MIL.XPND.ZS,,,,,,,,,,,,,,,,,,,,,,,,,,,,,,,,,,,,,,,10.21046512,7.933474576,6.212716763,6.401948052,11.01246106,11.72907489,10.72,,,,3.760969494,3.333333333,3.645655877,4.047003814,4.070527265,,3.956331206,4.016701191,3.120109362,3.069961872,3.396080219,3.52218909,3.371043496,3.470242136
Turkmenistan,TKM,Military expenditure (% of general government expenditure),MS.MIL.XPND.ZS,,,,,,,,,,,,,,,,,,,,,,,,,,,,,,,,,,,,,,15.83309353,12.81764706,14.96143959,,,,,,,,,,,,,,,,,,,,,,
Latin America & the Caribbean (IDA & IBRD countries),TLA,Military expenditure (% of general government expenditure),MS.MIL.XPND.ZS,,,,,,,,,,,,,,,,,,,,,,,,,,,,,,,,,,,,,5.139280449,4.571119939,4.620118407,4.618908898,4.919365594,5.012713159,4.742935969,4.204265895,4.376289105,4.294764337,4.099773738,4.207807853,4.136175679,4.369019841,4.154918779,3.962312868,3.979242763,3.94769667,3.808143505,3.759553863,3.687020465,3.869323651,3.936744504,3.914801107,3.851219611,3.928255392
Timor-Leste,TLS,Military expenditure (% of general government expenditure),MS.MIL.XPND.ZS,,,,,,,,,,,,,,,,,,,,,,,,,,,,,,,,,,,,,,,,,,,,,,3.048148148,6.288602941,5.76092233,2.982471627,4.117494357,2.466261682,1.478041757,2.224383744,2.360879285,1.844582814,2.370686337,1.424836957,1.836967509,1.524408284,2.464183381,2.915542077,2.300410557
Middle East & North Africa (IDA & IBRD countries),TMN,Military expenditure (% of general government expenditure),MS.MIL.XPND.ZS,,,,,,,,,,,,,,,,,,,,,,,,,,,,,,,,14.32341817,14.37843822,11.79617848,13.14632814,13.02407022,13.7437007,13.71024632,14.34917917,12.70016758,12.75013965,13.19826625,11.85618961,12.43798064,11.74112187,11.39077927,11.00187541,10.79151668,9.775647494,11.21849502,11.26802897,10.05213423,11.61694568,10.66692203,10.72382327,12.03444832,11.9313165,12.94249259,11.32922487,11.40313031,10.82334658,10.20890413
Tonga,TON,Military expenditure (% of general government expenditure),MS.MIL.XPND.ZS,,,,,,,,,,,,,,,,,,,,,,,,,,,,,,,,,,,,,,,,,,,,,,,,,,,,,,,,,,,,,,
South Asia (IDA & IBRD),TSA,Military expenditure (% of general government expenditure),MS.MIL.XPND.ZS,,,,,,,,,,,,,,,,,,,,,,,,,,,,,14.63976075,13.46104506,12.22951612,10.80379883,10.41065563,13.38266867,12.94230142,13.27082572,12.83838866,12.7983055,12.36979654,13.04487292,12.76365204,11.78968748,11.18212127,10.80348834,11.73109542,11.67371679,11.06826866,10.026882,9.97081109,11.08599808,10.49513833,10.27157709,9.984610189,10.03001793,10.3260089,9.998868678,10.22301652,10.2920757,10.18882381,9.987365354,9.563826232,9.134546492
Sub-Saharan Africa (IDA & IBRD countries),TSS,Military expenditure (% of general government expenditure),MS.MIL.XPND.ZS,,,,,,,,,,,,,,,,,,,,,,,,,,,,,,,,,,,,,,,,,7.380135091,7.375298369,7.595914648,6.969879483,6.761526536,8.436551497,8.138088629,5.64764866,5.788257559,6.153948315,6.134590569,6.861806045,8.499119579,8.888210815,9.135096137,10.49522014,10.45931119,9.68611534,7.275876725,6.093155843,4.938631887,4.716349089
Trinidad and Tobago,TTO,Military expenditure (% of general government expenditure),MS.MIL.XPND.ZS,,,,,,,,,,,,,,,,,,,,,,,,,,,,,,,,,,1.808312192,1.894069476,,,,,,,0.627164502,0.872430342,1.323373629,2.506948815,2.260563122,1.966967777,2.209046899,1.8501639,1.915877632,2.08838008,1.926412493,2.107965032,2.359203385,1.955082364,2.150215201,2.865719004,2.751157407,2.30111193,2.363846107,2.280812215,2.708928781
Tunisia,TUN,Military expenditure (% of general government expenditure),MS.MIL.XPND.ZS,,,,,,,,,,,,,,,,,,,,,,,,,,,,,,,,6.326852338,6.329051383,6.191646192,6.401789519,6.258201467,6.674141797,6.70901084,6.616899619,6.17887365,6.137680183,6.045317977,5.898390584,6.026406429,5.905310301,6.006522384,6.033916849,5.1545462,5.197464296,5.029016091,5.150885151,5.329487112,5.079001384,5.064449918,6.526302425,7.795991236,8.176005553,7.073337201,6.890157359,8.070218918,7.855481245,7.859264336
Turkiye,TUR,Military expenditure (% of general government expenditure),MS.MIL.XPND.ZS,,,,,,,,,,,,,,,,,,,,,,,,,,,,,,,,,,,,,,,,,9.229622736,8.121884471,9.185054507,8.501702986,7.728701143,7.430465274,6.877093466,6.577475985,6.381160439,6.523107426,6.334189004,6.121146482,5.884008436,5.669433348,5.661599236,5.461075788,5.88444833,6.14796143,7.302883353,7.541474114,7.155267247,6.271186285
Tuvalu,TUV,Military expenditure (% of general government expenditure),MS.MIL.XPND.ZS,,,,,,,,,,,,,,,,,,,,,,,,,,,,,,,,,,,,,,,,,,,,,,,,,,,,,,,,,,,,,,
Tanzania,TZA,Military expenditure (% of general government expenditure),MS.MIL.XPND.ZS,,,,,,,,,,,,,,,,,,,,,,,,,,,,,,,,12.68485364,9.864934177,6.92140138,6.360697517,8.602718914,9.574897429,9.897170309,10.28513743,8.550567179,8.859370403,9.657844714,7.881692922,5.758076412,4.811307396,4.435198258,4.432290268,4.274100042,3.861374229,3.86741891,4.524299904,4.7459871,4.667739994,5.174409155,5.87533536,6.363378384,6.467470503,6.370743748,6.371793869,6.223029923,6.264562779,6.196563344
Uganda,UGA,Military expenditure (% of general government expenditure),MS.MIL.XPND.ZS,,,,,,,,,,,,,,,,,,,,,,,,,,,,,,,,,,,,,,11.97990903,13.47415467,13.87686576,11.96288761,10.72322055,10.06895913,10.61150518,11.69393348,12.01656164,11.33407302,10.88034859,10.74509513,10.35712492,15.98836298,16.75728463,8.66931862,6.977062216,6.907922381,6.82550235,6.934085808,6.738453354,7.409652054,9.375444936,12.13008563,11.8670044
Ukraine,UKR,Military expenditure (% of general government expenditure),MS.MIL.XPND.ZS,,,,,,,,,,,,,,,,,,,,,,,,,,,,,,,,,,,,4.930841924,5.937952098,6.84748687,5.67867036,7.353388202,6.073615698,5.341215265,5.439233083,5.672035506,4.907030776,5.455446625,5.354577553,5.641968857,4.855440774,4.076075087,3.870510386,3.355865696,3.294345799,3.282699688,5.014125828,7.553243864,7.779052699,6.938385837,7.64802682,8.513455276,8.288440829,7.827446804
Upper middle income,UMC,Military expenditure (% of general government expenditure),MS.MIL.XPND.ZS,,,,,,,,,,,,,,,,,,,,,,,,,,,,,,,,,,,,,8.267499023,7.690294857,7.488721879,7.918635306,7.854793179,8.184302707,8.268245575,8.057399902,7.903493599,7.670587266,7.627423228,7.365889469,6.681592546,6.693623133,6.32906517,6.000429778,6.071519551,6.12160702,6.092615916,5.896142186,5.88972665,5.715595906,5.496220123,5.441182047,5.198077249,5.349131274
Uruguay,URY,Military expenditure (% of general government expenditure),MS.MIL.XPND.ZS,,,,,,,,,,,,,,,,,,,,,,,,,,,,,,,,,,,,,,,,8.062499226,8.405492872,8.246421934,8.403284148,7.395986342,7.02894167,6.978748553,6.854657485,6.089082055,6.517605151,6.143504104,6.275071515,5.987184546,5.973187449,5.776174259,5.69403107,5.886128236,5.792367375,6.035130316,6.422895672,6.071152613,6.208217281,6.647456372
United States,USA,Military expenditure (% of general government expenditure),MS.MIL.XPND.ZS,,,,,,,,,,,,,,,,,,,,,,,,,,,,,,,,,,,,,,,,,,9.559757575,10.27499874,11.29687882,11.96848222,12.05394767,11.99645909,11.78710653,11.9720039,11.77780117,12.33445535,12.44421271,12.02205332,11.25081454,10.41659699,9.889083605,9.618094658,9.362802835,9.3458366,9.595255579,8.197624113,8.317828758
Uzbekistan,UZB,Military expenditure (% of general government expenditure),MS.MIL.XPND.ZS,,,,,,,,,,,,,,,,,,,,,,,,,,,,,,,,,,,4.495554346,3.008186212,2.808051375,3.51446961,,3.883274516,2.796805867,2.175004166,1.377175018,1.363152761,,,,,,,,,,,,,,,10.97924183,,,
St. Vincent and the Grenadines,VCT,Military expenditure (% of general government expenditure),MS.MIL.XPND.ZS,,,,,,,,,,,,,,,,,,,,,,,,,,,,,,,,,,,,,,,,,,,,,,,,,,,,,,,,,,,,,,
"Venezuela, RB",VEN,Military expenditure (% of general government expenditure),MS.MIL.XPND.ZS,,,,,,,,,,,,,,,,,,,,,,,,,,,,,,,,,,,,,,,,,,,,,,,,,,,,,,,,,,,,,,
British Virgin Islands,VGB,Military expenditure (% of general government expenditure),MS.MIL.XPND.ZS,,,,,,,,,,,,,,,,,,,,,,,,,,,,,,,,,,,,,,,,,,,,,,,,,,,,,,,,,,,,,,
Virgin Islands (U.S.),VIR,Military expenditure (% of general government expenditure),MS.MIL.XPND.ZS,,,,,,,,,,,,,,,,,,,,,,,,,,,,,,,,,,,,,,,,,,,,,,,,,,,,,,,,,,,,,,
Vietnam,VNM,Military expenditure (% of general government expenditure),MS.MIL.XPND.ZS,,,,,,,,,,,,,,,,,,,,,,,,,,,,,,,,,,,,,,,,,,,,7.552971445,7.49013635,6.800521382,7.434585619,8.140985862,7.943415021,7.14327934,7.653248849,7.333974002,7.322421416,7.131190917,8.01126562,7.888889376,8.774189843,8.378682749,8.820910974,,,
Vanuatu,VUT,Military expenditure (% of general government expenditure),MS.MIL.XPND.ZS,,,,,,,,,,,,,,,,,,,,,,,,,,,,,,,,,,,,,,,,,,,,,,,,,,,,,,,,,,,,,,
World,WLD,Military expenditure (% of general government expenditure),MS.MIL.XPND.ZS,,,,,,,,,,,,,,,,,,,,,,,,,,,,,,,,,,,,5.173163524,5.258183772,5.441763557,,,5.447668335,6.724450089,6.84857724,6.892057655,6.985496855,7.034369586,7.076406179,6.901272326,6.675978578,6.641810642,6.729944264,6.537108785,6.596596229,6.498868566,6.422505122,6.576457304,6.366261956,6.358427138,6.16381683,6.172231113,5.606958192,5.656628996
Samoa,WSM,Military expenditure (% of general government expenditure),MS.MIL.XPND.ZS,,,,,,,,,,,,,,,,,,,,,,,,,,,,,,,,,,,,,,,,,,,,,,,,,,,,,,,,,,,,,,
Kosovo,XKX,Military expenditure (% of general government expenditure),MS.MIL.XPND.ZS,,,,,,,,,,,,,,,,,,,,,,,,,,,,,,,,,,,,,,,,,,,,,,,,,0.067197452,1.79315892,2.417279419,2.711886612,2.34680271,2.463107739,2.735888618,2.858003868,2.731937173,2.84958124,2.729755849,2.780104216,3.051806167,2.804916667
"Yemen, Rep.",YEM,Military expenditure (% of general government expenditure),MS.MIL.XPND.ZS,,,,,,,,,,,,,,,,,,,,,,,,,,,,,,,24.59528039,28.33639284,29.54541176,27.41911502,33.35221439,26.32117722,17.2043483,16.9639169,17.74597848,18.31158978,15.51153645,17.97691614,22.40081369,19.40884918,15.51826908,13.24021669,11.52960903,12.02177494,10.77855924,16.05470856,15.5132924,16.50960905,12.62875783,13.24638005,14.27962489,,,,,,,
South Africa,ZAF,Military expenditure (% of general government expenditure),MS.MIL.XPND.ZS,,,,,,,,,,,,,,,,,,,,,,,,,,,,,,,,,,,,,,,,,5.504553497,5.88311127,6.159016318,5.776435655,5.335142007,4.911666439,4.67786712,4.333121676,3.996447537,3.828540204,3.548255699,3.573081137,3.61135823,3.555140984,3.485188867,3.338169633,3.246716754,3.159978,2.966017599,2.792476123,2.67829494,2.338764714
Zambia,ZMB,Military expenditure (% of general government expenditure),MS.MIL.XPND.ZS,,,,,,,,,,,,,,,,,,,,,,,,,,,,,,,,,,,,,,,,,,,,,6.792889146,7.45748503,8.194674622,8.294227853,7.978397426,8.095549263,7.653020555,6.747653478,6.307948192,5.704266349,6.616450112,6.193365696,5.973465875,5.21096621,5.191864967,4.210837658,3.426082962,4.399775442
Zimbabwe,ZWE,Military expenditure (% of general government expenditure),MS.MIL.XPND.ZS,,,,,,,,,,,,,,,,,,,,,,,,,,,,,,,,,,,,,,,,,,,,,,231.6643159,581.6546763,,,,112.8248393,151.3869393,227.8579611,223.2724086,230.8126411,229.84928,184.0761875,138.5587565,140.1774043,176.1478261,1.894146641,6.669455668
